sku,name_ar,name_en,from_category,to_category,to_subcategory,moves
SKU-MSGCHXJL,"مكيف Best متنقل 10,000 وحدة","Best 10,000 BTU Portable Air Conditioner",Cooling & Air Conditioning,Air Conditioning & Cooling,Air Conditioners,yes
SKU-MSGCRSOA,"مكيف Fresh متنقل 10,000 وحدة","Fresh 10,000 BTU Portable Air Conditioner",Cooling & Air Conditioning,Air Conditioning & Cooling,Air Conditioners,yes
SKU-MSGCUO3E,"مكيف ICE ثابت 6,000 وحدة","ICE 6,000 BTU Split Air Conditioner",Cooling & Air Conditioning,Air Conditioning & Cooling,Air Conditioners,yes
SKU-MSGCT9P6,"مكيف نسمة ثابت 6,000 وحدة","Nasma 6,000 BTU Split Air Conditioner",Cooling & Air Conditioning,Air Conditioning & Cooling,Air Conditioners,yes
SKU-MSGCVT38,"مكيف ONAX متنقل 18,000 وحدة","ONAX 18,000 BTU Portable Air Conditioner",Cooling & Air Conditioning,Air Conditioning & Cooling,Air Conditioners,yes
SKU-MSGCX45F,"مكيف Sharp سبليت 18,000 وحدة","Sharp 18,000 BTU Split Air Conditioner",Cooling & Air Conditioning,Air Conditioning & Cooling,Air Conditioners,yes
SKU-MSGCYFP3,"مكيف TCL سبليت 18,000 وحدة","TCL 18,000 BTU Split Air Conditioner",Cooling & Air Conditioning,Air Conditioning & Cooling,Air Conditioners,yes
SKU-MSGCPE27,"مكيف Unioneaire متنقل 8,000 وحدة","Unionaire 8,000 BTU Portable Air Conditioner",Cooling & Air Conditioning,Air Conditioning & Cooling,Air Conditioners,yes
SKU-MSHQMVTH,مروحة هيلاهوب,Hila Hoop Fan,Fans,Air Conditioning & Cooling,Fans,no
SKU-MSHPZOZJ,مراوح KDK,KDK Fan,Fans,Air Conditioning & Cooling,Fans,no
SKU-MSHQ3CGT,مروحة استاند باكستانية Mayouns,Mayouns Pakistani Stand Fan,Fans,Air Conditioning & Cooling,Fans,no
SKU-MSGEPSYK,مروحة Stand ميديا,Media Stand Fan,Fans,Air Conditioning & Cooling,Fans,no
SKU-MSHQKHXK,مروحة حائط,Wall Fan,Fans,Air Conditioning & Cooling,Fans,no
SKU-MSGENVHU,مبرد مياه Geepas,Geepas Water Cooler,Water Solutions,Air Conditioning & Cooling,Water Coolers,yes
SKU-MSGEOT0O,مبرد مياه جراند,Grand Water Cooler,Water Solutions,Air Conditioning & Cooling,Water Coolers,yes
SKU-MSGEMNQB,مبرد مياه برايم,Prime Water Cooler,Water Solutions,Air Conditioning & Cooling,Water Coolers,yes
SKU-MSHQOS0T,مبرد مياه,cooler,Water Solutions,Air Conditioning & Cooling,Water Coolers,yes
SKU-MSKN9VLD,بوتاجاز كهربائي رخام 4 عيون باللمس,4-Burner Marble Electric Touch-Control Cooktop,Gas Cookers,Cookers & Ovens,Electric Cooktops & Hot Plates,yes
SKU-MSHR3MCI,هيتر كهربائي 2 عين,Double Electric Hot Plate,Electric Hot Plates,Cookers & Ovens,Electric Cooktops & Hot Plates,yes
SKU-MSGELUC5,هيتر لمس عين واحدة,Touch Single Burner Heater,Heating & Cooking Appliances,Cookers & Ovens,Electric Cooktops & Hot Plates,yes
SKU-MSHQU4VI,فرن كهربائي 100 لتر بابين - استار,100L Electric Oven double door - star,Electric Ovens,Cookers & Ovens,Electric Ovens,no
SKU-MSHQW4ES,فرن كهربائي 120 لتر  بابين - استار,120L Electric Oven double door - star,Electric Ovens,Cookers & Ovens,Electric Ovens,no
SKU-MSHQYLOZ,فرن كهربائي 75 لتر  - استار,75L Electric Oven  - star,Electric Ovens,Cookers & Ovens,Electric Ovens,no
SKU-MSKLYTJQ,فرن Akai كهربائي 35 لتر,Akai 35L Electric Oven,Electric Ovens,Cookers & Ovens,Electric Ovens,no
SKU-MSKM5E43,فرن Bestcook كهربائي 35 لتر,Bestcook 35L Electric Oven,Electric Ovens,Cookers & Ovens,Electric Ovens,no
SKU-MSKLY3PW,فرن DSP كهربائي 35 لتر,DSP 35L Electric Oven,Electric Ovens,Cookers & Ovens,Electric Ovens,no
SKU-MSKLXA5F,فرن EastPoint كهربائي 35 لتر,EastPoint 35L Electric Oven,Electric Ovens,Cookers & Ovens,Electric Ovens,no
SKU-MSKLWAVT,فرن Ferre كهربائي 35 لتر,Ferre 35L Electric Oven,Electric Ovens,Cookers & Ovens,Electric Ovens,no
SKU-MSKLVHC9,فرن Ferre كهربائي 45 لتر,Ferre 45L Electric Oven,Electric Ovens,Cookers & Ovens,Electric Ovens,no
SKU-MSKLUASR,فرن Ferre كهربائي 60 لتر,Ferre 60L Electric Oven,Electric Ovens,Cookers & Ovens,Electric Ovens,no
SKU-MSGDJGYG,شعلة Newdale 3 عيون,Newdale 3 Burner Gas Stove,Gas Burners,Cookers & Ovens,Gas Burners,no
SKU-MSGDL5P4,شعلة Nikai 3 عيون,Nikai 3 Burner Gas Stove,Gas Burners,Cookers & Ovens,Gas Burners,no
SKU-MSGFNLTJ,شعلة نيكورا,Nikura Burner,Kitchen Appliances,Cookers & Ovens,Gas Burners,yes
SKU-MSHQZJE3,بوتاجاز رخام 4 عيون,4 Burner Marble Gas Cooker,Gas Cookers,Cookers & Ovens,Gas Cookers,no
SKU-MSKN2QPM,بوتاجاز Bestcook 5 عيون,Bestcook 5-Burner Gas Cooker,Gas Cookers,Cookers & Ovens,Gas Cookers,no
SKU-MSKMP11C,بوتاجاز Digi 5 عيون,Digi 5-Burner Gas Cooker,Gas Cookers,Cookers & Ovens,Gas Cookers,no
SKU-MSKMPS33,بوتاجاز Digi 6 عيون,Digi 6-Burner Gas Cooker,Gas Cookers,Cookers & Ovens,Gas Cookers,no
SKU-MSKN5C9V,بوتاجاز Fresh 4 عيون,Fresh 4-Burner Gas Cooker,Gas Cookers,Cookers & Ovens,Gas Cookers,no
SKU-MSKN4417,بوتاجاز Fresh 5 عيون,Fresh 5-Burner Gas Cooker,Gas Cookers,Cookers & Ovens,Gas Cookers,no
SKU-MSKMQH3B,بوتاجاز Glem 5 عيون ايطالي,Glem 5-Burner Gas Cooker,Gas Cookers,Cookers & Ovens,Gas Cookers,no
SKU-MSKN8NLD,بوتاجاز Hafab رخام 4 عيون,Hafab 4-Burner Marble Gas Cooker,Gas Cookers,Cookers & Ovens,Gas Cookers,no
SKU-MSHQ5QJH,بوتاجاز Hafab رخام مع شفاط - 4 عيون,Hafab Marble Gas Cooker with Hood - 4 Burners,Gas Cookers,Cookers & Ovens,Gas Cookers,no
SKU-MSKN6JOW,بوتاجاز Haftec رخام 4 عيون,Haftec 4-Burner Marble Gas Cooker,Gas Cookers,Cookers & Ovens,Gas Cookers,no
SKU-MSKN7NMD,بوتاجاز Haftec رخام 5 عيون,Haftec 5-Burner Marble Gas Cooker,Gas Cookers,Cookers & Ovens,Gas Cookers,no
SKU-MSKM7BMM,مايكرويف LG 20 لتر,LG 20L Microwave Oven,Kitchen Appliances,Cookers & Ovens,Microwaves,yes
SKU-MSKM9257,مايكرويف LG 42 لتر,LG 42L Microwave Oven,Kitchen Appliances,Cookers & Ovens,Microwaves,yes
SKU-MSKM8L7R,مايكرويف Midea 20 لتر,Midea 20L Microwave Oven,Kitchen Appliances,Cookers & Ovens,Microwaves,yes
SKU-MSHQRBSE,حلة ضغط 16 لتر,16L Pressure Cooker,Cookware,Cookware,Pressure Cookers,yes
SKU-MSGFA40G,حلة ضغط كهربائية ديزني,Disney Pot,Cookware,Cookware,Pressure Cookers,yes
SKU-MSKMN1QM,حلة ضغط Midea,Midea Pressure Cooker,Cookware,Cookware,Pressure Cookers,yes
SKU-MSGFBFVM,سلك كهربائي,Electrical Cable,Power & Energy,Power & Electrical,Cables & Wires,yes
SKU-MSGFIION,انفيرتر,Inverter,Power & Energy,Power & Electrical,Inverters & Batteries,yes
SKU-MSGFMZ5F,بطارية شحن 1500 فولت,Rechargeable Battery 1500 V,Batteries & Chargers,Power & Electrical,Inverters & Batteries,yes
SKU-MSGFLXAQ,بطارية شحن 850 فولت,Rechargeable Battery 850V,Batteries & Chargers,Power & Electrical,Inverters & Batteries,yes
SKU-MSGEQXSZ,إضاءة شارع,Streetlight,Lighting,Power & Electrical,Lighting,no
SKU-MSGEU5E3,ميزان توشيبا,Toshiba Scale,Scales,Power & Electrical,Scales & Shop Equipment,yes
SKU-MSGEIKP8,منظم اكنان 300 فولت حجم 500,Aknan Voltage Regulator 300V Size 500,Voltage Regulators,Power & Electrical,Voltage Regulators,no
SKU-MSGE0N51,منظم مارشال 3000 فولت,Marshall 3000V Voltage Regulator,Voltage Regulators,Power & Electrical,Voltage Regulators,no
SKU-MSGEK8C3,منظم بريماكس حجم 1000,Primax Voltage Regulator Size 1000,Voltage Regulators,Power & Electrical,Voltage Regulators,no
SKU-MSHR6GF8,منظم كهرباء,Voltage Stabilizer,Voltage Regulators,Power & Electrical,Voltage Regulators,no
SKU-MSGF6P5C,منظم جبر مائي 2000 فولت,Water Pump Control,Voltage Regulators,Power & Electrical,Voltage Regulators,no
SKU-MSGFJO2V,موتور مياه,Water Pump Motor,Water Pumps,Power & Electrical,Water Pumps,no
SKU-MSGA9TVM,فريزر BestCool أفقي 12 قدم,BestCool 12 Cu.ft Chest Freezer,Home Appliances,Refrigerators & Freezers,Freezers,yes
SKU-MSGAI8QB,فريزر BestCool هافاب أفقي 19 قدم,BestCool Havap 19 Cu.ft Chest Freezer,Home Appliances,Refrigerators & Freezers,Freezers,yes
SKU-MSGAKDD1,فريزر BestCool هافاب عرض بابين,BestCool Havap 2 doors Chest Freezer,Home Appliances,Refrigerators & Freezers,Freezers,yes
SKU-MSGASCKH,فريزر BestCool  هافتيك عرض,BestCool Havtic Chest Freezer,Home Appliances,Refrigerators & Freezers,Freezers,yes
SKU-MSGB4MLW,فريزر Haftec أفقي 8 قدم,Haftec 8 Cu.ft Chest Freezer,Home Appliances,Refrigerators & Freezers,Freezers,yes
SKU-MSC29SO7,فريزر ال جي 10 قدم,LG  Freezer 10 FT,Home Appliances,Refrigerators & Freezers,Freezers,yes
SKU-MSGB3G24,فريزر M.T أفقي 8 قدم,M.T 8 Cu.ft Chest Freezer,Home Appliances,Refrigerators & Freezers,Freezers,yes
SKU-MSGA6WFM,فريزر Midea 12 قدم,Midea Freezer 12FT,Home Appliances,Refrigerators & Freezers,Freezers,yes
SKU-MSGB6I91,فريزر Nikai أفقي 6 قدم,Nikai 6 Cu.ft Chest Freezer,Home Appliances,Refrigerators & Freezers,Freezers,yes
SKU-MSG9UB88,فريزر StarTech أفقي 8 قدم,StarTech 8 Cu.ft Chest Freezer,Home Appliances,Refrigerators & Freezers,Freezers,yes
SKU-MSG9VB9Q,فريزر StarTech أفقي,StarTech Chest Freezer,Home Appliances,Refrigerators & Freezers,Freezers,yes
SKU-MSG9W5VQ,فريزر StarTech M.T أفقي 14 قدم,StarTech M.T 14 Cu.ft Chest Freezer,Home Appliances,Refrigerators & Freezers,Freezers,yes
UNI-CFREEZER-282,فريزر يونيون إير 12 قدم,Unionaire  Freezer 12 FT,Home Appliances,Refrigerators & Freezers,Freezers,yes
UNI-CFREEZER-250,فريزر يونيون إير 9 قدم,Unionaire  Freezer 9 FT,Home Appliances,Refrigerators & Freezers,Freezers,yes
UNI-UPFREEZER-230,فريزر يونيون إير رأسي 6 احواض,Unionaire Upright Freezer,Home Appliances,Refrigerators & Freezers,Freezers,yes
SKU-MSG9ZTJH,ثلاجة BestCool بابين 10 قدم (تجميد),BestCool 10 Cu.ft Double Door Refrigerator,Home Appliances,Refrigerators & Freezers,Refrigerators,yes
SKU-MSGA0LDV,ثلاجة BestCool 12 قدم (تجميد),BestCool Refrigerator 12 FT,Home Appliances,Refrigerators & Freezers,Refrigerators,yes
SKU-MSGA28OH,ثلاجة BestCool 12 قدم (بخارية),BestCool Refrigerator 12 FT,Home Appliances,Refrigerators & Freezers,Refrigerators,yes
SKU-MSGB6VNT,ثلاجة Candis بابين 12 قدم,Candis 12 Cu.ft Double Door Refrigerator,Home Appliances,Refrigerators & Freezers,Refrigerators,yes
SKU-MSGC4UVE,ثلاجة Hafab استاند,Hafab Upright Refrigerator,Home Appliances,Refrigerators & Freezers,Refrigerators,yes
SKU-MSC204QU,ثلاجة LG بابين 10 قدم,LG Double Door Refrigerator 10 ft,Home Appliances,Refrigerators & Freezers,Refrigerators,yes
SKU-MSC25XWT,ثلاجة LG بابين 12 قدم,LG Double Door Refrigerator 12 ft,Home Appliances,Refrigerators & Freezers,Refrigerators,yes
SKU-MSC27BDL,ثلاجة LG بابين 14 قدم,LG Double Door Refrigerator 14 ft,Home Appliances,Refrigerators & Freezers,Refrigerators,yes
SKU-MSC28KET,ثلاجة LG بابين 16 قدم,LG Double Door Refrigerator 16 ft,Home Appliances,Refrigerators & Freezers,Refrigerators,yes
SKU-MSC2AZ8E,ثلاجة LG بابين 20 قدم,LG Double Door Refrigerator 20 ft,Home Appliances,Refrigerators & Freezers,Refrigerators,yes
SKU-MSC2BZZZ,ثلاجة LG بابين 23 قدم,LG Double Door Refrigerator 23 ft,Home Appliances,Refrigerators & Freezers,Refrigerators,yes
SKU-MSC2F16Q,ثلاجة LG إنفرتر,LG Inverter Refrigerator,Home Appliances,Refrigerators & Freezers,Refrigerators,yes
SKU-MSC23COG,ثلاجة LG باب واحد 10 قدم,LG Single Door Refrigerator 10 ft,Home Appliances,Refrigerators & Freezers,Refrigerators,yes
SKU-MSC2E34Q,ثلاجة LG سمارت,LG Smart Refrigerator,Home Appliances,Refrigerators & Freezers,Refrigerators,yes
SKU-MSG9LBZN,ثلاجة StarTech بابين 10 قدم,StarTech 10 Cu.ft Double Door Refrigerator,Home Appliances,Refrigerators & Freezers,Refrigerators,yes
SKU-MSGB7MOU,ثلاجة StarTech بابين 10 قدم,StarTech 10 Cu.ft Double Door Refrigerator,Home Appliances,Refrigerators & Freezers,Refrigerators,yes
SKU-MSG9OBGU,ثلاجة StarTech بابين 12 قدم,StarTech 12 Cu.ft Double Door Refrigerator,Home Appliances,Refrigerators & Freezers,Refrigerators,yes
SKU-MSG9PIH1,ثلاجة StarTech بابين 14 قدم,StarTech 14 Cu.ft Double Door Refrigerator,Home Appliances,Refrigerators & Freezers,Refrigerators,yes
UNI-REF-10FT-320,ثلاجة يونيون إير 10 قدم,Unionaire Refrigerator 10 ft,Home Appliances,Refrigerators & Freezers,Refrigerators,yes
UNI-REF-12FT-440,ثلاجة يونيون إير 12 قدم فروست / نوفروست بابين,Unionaire Refrigerator 12 ft Frost / No Frost double doors,Home Appliances,Refrigerators & Freezers,Refrigerators,yes
UNI-REF-14FT-600,ثلاجة يونيون إير 14 قدم بابين disri,Unionaire Refrigerator 14 ft double doors disri,Home Appliances,Refrigerators & Freezers,Refrigerators,yes
UNI-REF-16FT-600,ثلاجة يونيون إير 16 قدم بابين,Unionaire Refrigerator 16 ft double doors,Home Appliances,Refrigerators & Freezers,Refrigerators,yes
UNI-REF-18FT-700,ثلاجة يونيون إير 18 قدم بابين,Unionaire Refrigerator 18 ft double doors,Home Appliances,Refrigerators & Freezers,Refrigerators,yes
UNI-REF-20FT-800,ثلاجة يونيون إير 20 قدم بابين,Unionaire Refrigerator 20 ft double doors,Home Appliances,Refrigerators & Freezers,Refrigerators,yes
SKU-MSGC91OP,ثلاجة نيكاي مستعملة 6 قدم,Used Nikai Refrigerator 6 ft,Home Appliances,Refrigerators & Freezers,Refrigerators,yes
SKU-MSKM6MXK,قلاية هوائية,Air Fryer,Kitchen Appliances,Small Kitchen Appliances,Air Fryers,yes
SKU-MSHR1VK9,خلاط كهربائي,Electric Blender,Blenders,Small Kitchen Appliances,Blenders & Food Processors,yes
SKU-MSGF3H7D,كبة,Food Processor,Kitchen Appliances,Small Kitchen Appliances,Blenders & Food Processors,yes
SKU-MSKM9SEI,خلاط Hofmanns,Hofmanns Blender,Kitchen Appliances,Small Kitchen Appliances,Blenders & Food Processors,yes
SKU-MSKMJZ0N,خلاط Midea,Midea Blender,Blenders,Small Kitchen Appliances,Blenders & Food Processors,yes
SKU-MSKMANKO,خلاط SilverCrest,SilverCrest Blender,Kitchen Appliances,Small Kitchen Appliances,Blenders & Food Processors,yes
SKU-MSGERZYT,كسارة تلج حجم 500 واط,Ice Crusher Size 500 watt,Beverage Preparation Appliances,Small Kitchen Appliances,Ice Crushers,yes
SKU-MSGFKT6O,كنكة قهوة Marado,Marado Coffee Pot,Beverage Preparation Appliances,Small Kitchen Appliances,Kettles & Coffee,yes
SKU-MSKMLVSH,كاتيل Midea كهربائي,Midea Electric Kettle,Electric Hot Plates,Small Kitchen Appliances,Kettles & Coffee,yes
SKU-MSKML3RX,كاتيل Midea زجاج,Midea Glass Electric Kettle,Electric Hot Plates,Small Kitchen Appliances,Kettles & Coffee,yes
SKU-MSGFAE4R,مفراكة DSP,DSP Grater,Kitchen Appliances,Small Kitchen Appliances,"Mixers, Grinders & Graters",yes
SKU-MSKMNZEL,مفرمة لحم DSP,DSP Meat Grinder,Kitchen Appliances,Small Kitchen Appliances,"Mixers, Grinders & Graters",yes
SKU-MSGETE5W,سحان سيلفر كريست كبير 200 جرام,Silver Crest Large Grinder 200g,Kitchen Appliances,Small Kitchen Appliances,"Mixers, Grinders & Graters",yes
SKU-MSHR8HQP,عجانة كهربائية,Stand Mixer,Power & Energy,Small Kitchen Appliances,"Mixers, Grinders & Graters",yes
SKU-MSGFCTVO,رسيفر دانسات,Dansat Receiver,Satellite Receivers,TV & Satellite,Receivers & LNBs,yes
SKU-MSGFEX62,LNB لاقط إشارة دش,LNB Satellite Dish Signal Receiver,Satellite Receivers,TV & Satellite,Receivers & LNBs,yes
SKU-MSGFGV5J,حامل شاشة متحرك,Movable TV Stand,Electronics,TV & Satellite,TV Stands,yes
SKU-MSGDRAZ3,شاشة Dansat 43 بوصة,Dansat 43-Inch LED TV,Electronics,TV & Satellite,TVs,yes
SKU-MSGDWVZC,شاشة LG 49 بوصة,LG 49-Inch LED TV,Electronics,TV & Satellite,TVs,yes
SKU-MSGDVLHX,شاشة SKY 32 بوصة,SKY 32-Inch LED TV,Electronics,TV & Satellite,TVs,yes
SKU-MSHQ108K,شاشة Samsung 43 بوصة,Samsung 43-Inch LED TV,Electronics,TV & Satellite,TVs,yes
SKU-MSHQ24EQ,شاشة Samsung 55 بوصة,Samsung 55-Inch LED TV,Electronics,TV & Satellite,TVs,yes
SKU-MSHREGNU,غسالة LG أوتوماتيك 10 كجم,LG 10kg Automatic Washing Machine,Power & Energy,Washing & Ironing,Automatic Washing Machines,yes
SKU-MSHRC497,غسالة LG أوتوماتيك 7 كجم,LG 7kg Automatic Washing Machine,Power & Energy,Washing & Ironing,Automatic Washing Machines,yes
SKU-MSHRDAR9,غسالة LG أوتوماتيك 8 كجم,LG 8kg Automatic Washing Machine,Power & Energy,Washing & Ironing,Automatic Washing Machines,yes
SKU-MSHR7EGP,مكواة كهربائية,Electric Dry Iron,Power & Energy,Washing & Ironing,Irons,yes
SKU-MSHR9UWX,مكواة Nikai بخار,Nikai Steam Iron,Power & Energy,Washing & Ironing,Irons,yes
SKU-MSHRAWPP,مكواة Sayonapps بخار,Sayonapps Steam Iron,Power & Energy,Washing & Ironing,Irons,yes
SKU-MSHRJW1Y,غسالة عظيم حوضين 10 كجم,Azim 10kg Twin Tub Washing Machine,Power & Energy,Washing & Ironing,Twin-Tub Washing Machines,yes
SKU-MSHRKS1R,غسالة Digi حوضين 10 كجم,Digi 10kg Twin Tub Washing Machine,Power & Energy,Washing & Ironing,Twin-Tub Washing Machines,yes
SKU-MSHRG6Y9,غسالة Fresh حوضين 10 كجم,Fresh 10kg Twin Tub Washing Machine,Power & Energy,Washing & Ironing,Twin-Tub Washing Machines,yes
SKU-MSHRI5KM,غسالة Fresh حوضين 8 كجم,Fresh 8kg Twin Tub Washing Machine,Power & Energy,Washing & Ironing,Twin-Tub Washing Machines,yes
SKU-MSHRHETZ,غسالة Fresh حوضين 9 كجم,Fresh 9kg Twin Tub Washing Machine,Power & Energy,Washing & Ironing,Twin-Tub Washing Machines,yes
SKU-MSHRIZEN,غسالة Hafab حوضين 10 كجم,Hafab 10kg Twin Tub Washing Machine,Power & Energy,Washing & Ironing,Twin-Tub Washing Machines,yes
SKU-MSHRFBMA,غسالة LG حوضين 10 كجم,LG 10kg Twin Tub Washing Machine,Power & Energy,Washing & Ironing,Twin-Tub Washing Machines,yes
