sku,old_name_ar,new_name_ar,old_name_en,new_name_en,brand,specs_en,old_description_en,new_description_en,new_description_ar
SKU-MSGCHXJL,"مكيف Best متنقل 10,000 وحدة","مكيف Best متنقل 10,000 وحدة","Best 10,000 BTU Portable Air Conditioner","Best Portable Air Conditioner 10,000 BTU",Best,"Brand: Best; Type: Portable; Cooling capacity: 10,000 BTU","Best 10,000 BTU portable air conditioner designed for efficient cooling, easy mobility, and reliable performance in homes and offices.","Best portable air conditioner with 10,000 BTU cooling. Cools effectively and moves easily between rooms; a practical design for homes and offices.",(unchanged)
SKU-MSGCRSOA,"مكيف Fresh متنقل 10,000 وحدة","مكيف Fresh متنقل 10,000 وحدة","Fresh 10,000 BTU Portable Air Conditioner","Fresh Portable Air Conditioner 10,000 BTU",Fresh,"Brand: Fresh; Type: Portable; Cooling capacity: 10,000 BTU","Fresh 10,000 BTU portable air conditioner featuring efficient cooling performance, easy mobility, and practical everyday use.","Fresh portable air conditioner with 10,000 BTU cooling. Effective cooling and easy to move, suited to homes and offices.",(unchanged)
SKU-MSGCUO3E,"مكيف ICE ثابت 6,000 وحدة","مكيف ICE ثابت 6,000 وحدة","ICE 6,000 BTU Split Air Conditioner","ICE Split Air Conditioner 6,000 BTU",ICE,"Brand: ICE; Type: Split (fixed); Cooling capacity: 6,000 BTU","ICE 6,000 BTU split air conditioner designed to deliver efficient cooling, reliable performance, and energy-saving operation.","ICE fixed air conditioner with 6,000 BTU cooling, built for effective cooling, reliable performance and economical power use.",(unchanged)
SKU-MSGCT9P6,"مكيف نسمة ثابت 6,000 وحدة","مكيف Nasma ثابت 6,000 وحدة","Nasma 6,000 BTU Split Air Conditioner","Nasma Split Air Conditioner 6,000 BTU",Nasma,"Brand: Nasma; Type: Split (fixed); Cooling capacity: 6,000 BTU","Nasma 6,000 BTU split air conditioner providing reliable and efficient cooling for small spaces.","Nasma fixed air conditioner with 6,000 BTU cooling. Steady cooling with efficiency suited to small rooms.",(unchanged)
SKU-MSGCVT38,"مكيف ONAX متنقل 18,000 وحدة","مكيف ONAX متنقل 18,000 وحدة","ONAX 18,000 BTU Portable Air Conditioner","ONAX Portable Air Conditioner 18,000 BTU",ONAX,"Brand: ONAX; Type: Portable; Cooling capacity: 18,000 BTU","ONAX 18,000 BTU portable air conditioner offering powerful cooling performance, easy mobility, and convenient operation for larger spaces.","ONAX portable air conditioner with 18,000 BTU cooling. Strong cooling for large spaces, easy to move and operate.",(unchanged)
SKU-MSGCX45F,"مكيف Sharp سبليت 18,000 وحدة","مكيف Sharp سبليت 18,000 وحدة","Sharp 18,000 BTU Split Air Conditioner","Sharp Split Air Conditioner 18,000 BTU",Sharp,"Brand: Sharp; Type: Split; Cooling capacity: 18,000 BTU","Sharp 18,000 BTU split air conditioner featuring powerful cooling, quiet operation, and energy-efficient performance.","Sharp split air conditioner with 18,000 BTU cooling. Strong cooling, quiet operation and high efficiency for comfort in any weather.",(unchanged)
SKU-MSGCYFP3,"مكيف TCL سبليت 18,000 وحدة","مكيف TCL سبليت 18,000 وحدة","TCL 18,000 BTU Split Air Conditioner","TCL Split Air Conditioner 18,000 BTU",TCL,"Brand: TCL; Type: Split; Cooling capacity: 18,000 BTU","TCL 18,000 BTU split air conditioner delivering fast cooling, reliable performance, and a modern design suitable for homes and offices.","TCL split air conditioner with 18,000 BTU cooling. Fast cooling and reliable performance in a modern design for homes and offices.",(unchanged)
SKU-MSGCPE27,"مكيف Unioneaire متنقل 8,000 وحدة","مكيف Unionaire متنقل 8,000 وحدة","Unionaire 8,000 BTU Portable Air Conditioner","Unionaire Portable Air Conditioner 8,000 BTU",Unionaire,"Brand: Unionaire; Type: Portable; Cooling capacity: 8,000 BTU","Unionaire 8,000 BTU portable air conditioner offering reliable cooling, easy mobility, and convenient operation for small to medium-sized rooms.","Unionaire portable air conditioner with 8,000 BTU cooling. Comfortable cooling in a design that is easy to move and operate, suited to small and medium rooms.",(unchanged)
SKU-MSKM6MXK,قلاية هوائية,قلاية هوائية,Air Fryer,Air Fryer,,,Air fryer designed for convenient food preparation with reduced use of cooking oil. Suitable for preparing and frying a variety of everyday meals.,Air fryer for practical cooking with far less oil. Suitable for frying and preparing a wide range of everyday meals.,(unchanged)
SKU-MSHREGNU,غسالة LG أوتوماتيك 10 كجم,غسالة LG أوتوماتيك 10 كجم,LG 10kg Automatic Washing Machine,LG Automatic Washing Machine 10 kg,LG,Brand: LG; Type: Automatic; Capacity: 10 kg,"LG 10kg automatic washing machine designed for large laundry loads, delivering powerful cleaning performance with reliable everyday operation.","LG automatic washing machine with a 10 kg capacity and strong washing performance, suited to large families and heavy use.",(unchanged)
SKU-MSHRC497,غسالة LG أوتوماتيك 7 كجم,غسالة LG أوتوماتيك 7 كجم,LG 7kg Automatic Washing Machine,LG Automatic Washing Machine 7 kg,LG,Brand: LG; Type: Automatic; Capacity: 7 kg,"LG 7kg automatic washing machine offering efficient cleaning performance with economical water and energy consumption, ideal for small households.","LG automatic washing machine with a 7 kg capacity. Effective washing with economical water and power use, suited to the daily needs of small families.",(unchanged)
SKU-MSHRDAR9,غسالة LG أوتوماتيك 8 كجم,غسالة LG أوتوماتيك 8 كجم,LG 8kg Automatic Washing Machine,LG Automatic Washing Machine 8 kg,LG,Brand: LG; Type: Automatic; Capacity: 8 kg,"LG 8kg automatic washing machine featuring efficient cleaning performance, multiple wash programs, and a practical design for everyday home use.",LG automatic washing machine with an 8 kg capacity. Cleans clothes efficiently with multiple wash programs and a practical design for home use.,(unchanged)
SKU-MSHR1VK9,خلاط كهربائي,خلاط كهربائي,Electric Blender,Electric Blender,,,"Multi-purpose electric blender designed for preparing juices, smoothies, and blending a variety of ingredients. It features reliable performance and easy operation.","Multi-purpose electric blender for juices, smoothies and mixing ingredients. Strong motor, easy to use and to clean.",(unchanged)
SKU-MSGF3H7D,كبة,كبة كهربائية,Food Processor,Electric Food Processor,,,"Electric food processor for chopping, grinding and mixing ingredients","Electric food processor (kebbe) for chopping, mincing and mixing ingredients.",(unchanged)
SKU-MSKM9SEI,خلاط Hofmanns,خلاط Hofmanns,Hofmanns Blender,Hofmanns Blender,Hofmanns,Brand: Hofmanns,"Hofmanns blender designed for preparing juices, beverages, and blending a variety of ingredients, making it suitable for everyday kitchen use.",Practical Hofmanns blender for juices and drinks and for mixing ingredients; suited to everyday kitchen use.,(unchanged)
SKU-MSKMJZ0N,خلاط Midea,خلاط Midea,Midea Blender,Midea Blender,Midea,Brand: Midea,"Midea blender designed for preparing juices, beverages, and blending a variety of ingredients. Its practical design and easy operation make it suitable for everyday kitchen use.",Practical Midea blender for juices and drinks and a wide range of ingredients. Designed for everyday kitchen use and easy to operate.,(unchanged)
SKU-MSKMANKO,خلاط SilverCrest,خلاط SilverCrest,SilverCrest Blender,SilverCrest Blender,SilverCrest,Brand: SilverCrest,"SilverCrest blender designed for mixing and preparing a variety of ingredients and beverages, featuring a practical design suitable for everyday kitchen use.","SilverCrest blender for mixing and preparing a variety of ingredients and drinks, with a practical design for everyday kitchen use.",(unchanged)
SKU-MSGFBFVM,سلك كهربائي,سلك كهربائي,Electrical Cable,Electrical Cable,,,Electrical cables for wiring and electrical connections,Electrical wire for connections and electrical installation work.,(unchanged)
SKU-MSKN9VLD,بوتاجاز كهربائي رخام 4 عيون باللمس,بوتاجاز كهربائي رخام باللمس 4 عيون,4-Burner Marble Electric Touch-Control Cooktop,"Electric Touch Cooktop 4 Burners, Marble",,Fuel: Electric; Burners: 4; Surface: Marble; Controls: Touch,"Touch 4-burner marble electric cooker designed for convenient cooking with an elegant, user-friendly design suitable for home kitchens.","Electric touch-control cooker with a marble top and four burners. A practical, elegant and easy-to-use cooking solution for home kitchens.",(unchanged)
SKU-MSHR3MCI,هيتر كهربائي 2 عين,هيتر كهربائي 2 عين,Double Electric Hot Plate,Electric Hot Plate 2 Burners,,Fuel: Electric; Burners: 2,"Double electric hot plate designed for convenient cooking in homes, offices, and small kitchens. It provides fast heating and reliable everyday performance.","Two-burner electric hot plate for preparing meals at home, in offices and in small spaces. Heats quickly and is easy to use.",(unchanged)
SKU-MSGELUC5,هيتر لمس عين واحدة,هيتر كهربائي باللمس عين واحدة,Touch Single Burner Heater,Electric Touch Hot Plate 1 Burner,,Fuel: Electric; Burners: 1; Controls: Touch,Single burner electric touch heater for home use,"Single-burner electric hot plate with a touch surface, for home use.",(unchanged)
SKU-MSHQU4VI,فرن كهربائي 100 لتر بابين - استار,فرن كهربائي Star بابين 100 لتر,100L Electric Oven double door - star,"Star Electric Oven 100 L, Double Door",Star,Brand: Star; Capacity: 100 L; Doors: 2,"100-liter electric oven double door suitable for baking, roasting, and everyday cooking.","Star double-door electric oven with a 100 L capacity, for baking, grilling and everyday cooking.",(unchanged)
SKU-MSHQW4ES,فرن كهربائي 120 لتر  بابين - استار,فرن كهربائي Star بابين 120 لتر,120L Electric Oven double door - star,"Star Electric Oven 120 L, Double Door",Star,Brand: Star; Capacity: 120 L; Doors: 2,"120-liter double door electric oven designed for baking, roasting, and cooking a wide variety of meals. It offers a spacious interior, even heat distribution, and reliable performance for both home and commercial use.","Star double-door electric oven with a 120 L capacity and a large cooking space for baking, grilling and all kinds of meals. Even heat and reliable performance for home and commercial use.",(unchanged)
SKU-MSHQYLOZ,فرن كهربائي 75 لتر  - استار,فرن كهربائي Star 75 لتر,75L Electric Oven  - star,Star Electric Oven 75 L,Star,Brand: Star; Capacity: 75 L,"75-liter electric oven  suitable for baking, roasting, grilling, and reheating food. It provides even heat distribution, simple operation, and dependable cooking performance.","Star electric oven with a 75 L capacity for baking, grilling and reheating. Easy to use, with good heat distribution for balanced results.",(unchanged)
SKU-MSKLYTJQ,فرن Akai كهربائي 35 لتر,فرن كهربائي Akai 35 لتر,Akai 35L Electric Oven,Akai Electric Oven 35 L,Akai,Brand: Akai; Capacity: 35 L,"Akai 35L electric oven offering reliable performance for baking, roasting, grilling, and everyday cooking, with a practical and user-friendly design suitable for home kitchens.","Akai electric oven with a 35 L capacity. Reliable performance for meals and baking, easy to use and practical for home kitchens.",(unchanged)
SKU-MSKM5E43,فرن Bestcook كهربائي 35 لتر,فرن كهربائي Bestcook 35 لتر,Bestcook 35L Electric Oven,Bestcook Electric Oven 35 L,Bestcook,Brand: Bestcook; Capacity: 35 L,"Bestcook 35L electric oven offering practical cooking capacity for baking, roasting, grilling, and everyday meal preparation. It features a practical design and easy operation, making it suitable for home use.","Bestcook electric oven with a 35 L capacity, enough room for meals, baking and grilling. Practical and easy to use for everyday home cooking.",(unchanged)
SKU-MSKLY3PW,فرن DSP كهربائي 35 لتر,فرن كهربائي DSP 35 لتر,DSP 35L Electric Oven,DSP Electric Oven 35 L,DSP,Brand: DSP; Capacity: 35 L,"DSP 35L electric oven designed for efficient cooking with even heat distribution, making it suitable for baking, roasting, grilling, and reheating meals.","DSP electric oven with a 35 L capacity, built for effective cooking with good heat distribution; suited to baking, grilling and reheating.",(unchanged)
SKU-MSKLXA5F,فرن EastPoint كهربائي 35 لتر,فرن كهربائي EastPoint 35 لتر,EastPoint 35L Electric Oven,EastPoint Electric Oven 35 L,EastPoint,Brand: EastPoint; Capacity: 35 L,"EastPoint 35L electric oven featuring even heat distribution, reliable cooking performance, and a compact design suitable for everyday use.","EastPoint electric oven with a 35 L capacity. Even heat and effective cooking for all kinds of food, in a compact, easy-to-use design.",(unchanged)
SKU-MSKLWAVT,فرن Ferre كهربائي 35 لتر,فرن كهربائي Ferre 35 لتر,Ferre 35L Electric Oven,Ferre Electric Oven 35 L,Ferre,Brand: Ferre; Capacity: 35 L,"Ferre 35L electric oven offering efficient cooking performance in a compact size, ideal for baking, roasting, and everyday meal preparation.","Ferre electric oven with a 35 L capacity, combining a practical size with effective performance for everyday meals, baking and grilling.",(unchanged)
SKU-MSKLVHC9,فرن Ferre كهربائي 45 لتر,فرن كهربائي Ferre 45 لتر,Ferre 45L Electric Oven,Ferre Electric Oven 45 L,Ferre,Brand: Ferre; Capacity: 45 L,"Ferre 45L electric oven suitable for baking, roasting, grilling, and reheating food. It delivers even heat distribution and dependable cooking performance.","Ferre electric oven with a 45 L capacity for baking, grilling and reheating. Easy to operate, with even heat for excellent results.",(unchanged)
SKU-MSKLUASR,فرن Ferre كهربائي 60 لتر,فرن كهربائي Ferre 60 لتر,Ferre 60L Electric Oven,Ferre Electric Oven 60 L,Ferre,Brand: Ferre; Capacity: 60 L,"Ferre 60L electric oven designed for baking, roasting, grilling, and everyday cooking. It features a spacious interior, even heat distribution, and reliable performance for home use.","Ferre electric oven with a 60 L capacity, room for meals, baking and grilling. Even heat and simple operation make it a good choice for the home.",(unchanged)
SKU-MSHQMVTH,مروحة هيلاهوب,مروحة هيلاهوب,Hila Hoop Fan,Hila Hoop Fan,,,Practical fan designed to provide reliable airflow and everyday cooling.,Practical fan with good airflow and steady operation for everyday use.,(unchanged)
SKU-MSHPZOZJ,مراوح KDK,مروحة KDK,KDK Fan,KDK Fan,KDK,Brand: KDK,"KDK fan offering powerful airflow, reliable performance, and durable construction for home or commercial use.","High-quality KDK fan with strong airflow and reliable performance, suited to home or commercial use.",(unchanged)
SKU-MSHQ3CGT,مروحة استاند باكستانية Mayouns,مروحة ستاند Mayouns باكستانية,Mayouns Pakistani Stand Fan,Mayouns Stand Fan,Mayouns,Brand: Mayouns; Type: Stand; Made in: Pakistan,Mayouns Pakistani stand fan designed to provide strong airflow and dependable performance for home or office use.,"Mayouns stand fan with a practical design and strong airflow, suited to homes and offices.",(unchanged)
SKU-MSGEPSYK,مروحة Stand ميديا,مروحة ستاند Midea,Media Stand Fan,Midea Stand Fan,Midea,Brand: Midea; Type: Stand,Media stand fan for ventilation and air circulation,Midea floor stand fan for ventilation and air circulation.,(unchanged)
SKU-MSHQKHXK,مروحة حائط,مروحة حائط,Wall Fan,Wall Fan,,Type: Wall-mounted,"Wall fan designed to provide efficient airflow while saving floor space, ideal for homes and offices.",Wall fan with a practical design that gives strong airflow while saving floor space; suited to homes and offices.,(unchanged)
SKU-MSGA9TVM,فريزر BestCool أفقي 12 قدم,فريزر BestCool أفقي 12 قدم,BestCool 12 Cu.ft Chest Freezer,BestCool Chest Freezer 12 cu ft,BestCool,Brand: BestCool; Type: Chest; Capacity: 12 cu ft,"BestCool 12 Cu.ft chest freezer with spacious storage, fast freezing performance, and reliable operation for long-term frozen food preservation.","BestCool chest freezer with a 12 cu ft capacity. Large storage, fast freezing and reliable performance for keeping frozen food for long periods.",(unchanged)
SKU-MSGAI8QB,فريزر BestCool هافاب أفقي 19 قدم,فريزر BestCool Hafab أفقي 19 قدم,BestCool Havap 19 Cu.ft Chest Freezer,BestCool Hafab Chest Freezer 19 cu ft,BestCool,Brand: BestCool; Type: Chest; Capacity: 19 cu ft; Model: Hafab,BestCool Havap 19 Cu.ft chest freezer featuring extra-large storage capacity and powerful freezing performance for home and commercial use.,"BestCool Hafab chest freezer with a 19 cu ft capacity and strong freezing, suited to home and commercial use.",(unchanged)
SKU-MSGAKDD1,فريزر BestCool هافاب عرض بابين,فريزر BestCool Hafab عرض بابين,BestCool Havap 2 doors Chest Freezer,"BestCool Hafab Display Freezer, 2 Doors",BestCool,Brand: BestCool; Type: Display; Doors: 2; Model: Hafab,"BestCool chest Havap 2 doors freezer with fast freezing technology and energy-efficient operation, ideal for homes and small businesses.",BestCool Hafab two-door display freezer. Fast cooling with economical power use; a good choice for homes and small shops.,(unchanged)
SKU-MSGASCKH,فريزر BestCool  هافتيك عرض,فريزر BestCool Haftec عرض 8 قدم,BestCool Havtic Chest Freezer,BestCool Haftec Display Freezer 8 cu ft,BestCool,Brand: BestCool; Type: Display; Capacity: 8 cu ft; Model: Haftec,"BestCool Havtic chest freezer designed for consistent freezing performance, practical storage, and durable construction.","BestCool freezer with an 8 cu ft capacity, built for steady freezing and practical storage in a sturdy, easy-to-use design.",(unchanged)
SKU-MSGB4MLW,فريزر Haftec أفقي 8 قدم,فريزر Haftec أفقي 8 قدم,Haftec 8 Cu.ft Chest Freezer,Haftec Chest Freezer 8 cu ft,Haftec,Brand: Haftec; Type: Chest; Capacity: 8 cu ft,"Haftec 8 Cu.ft chest freezer with efficient freezing technology, practical storage capacity, and energy-saving performance.","Haftec freezer with an 8 cu ft capacity. Effective freezing and suitable storage for frozen food, with efficient power use.",(unchanged)
SKU-MSC29SO7,فريزر ال جي 10 قدم,فريزر LG رأسي 10 قدم,LG  Freezer 10 FT,LG Upright Freezer 10 cu ft,LG,Brand: LG; Type: Upright; Capacity: 10 cu ft,The LG Upright Freezer offers spacious frozen food storage with convenient shelves and drawers for easy organization. It delivers reliable freezing performance in a sleek and practical design.,LG upright freezer with plenty of storage and practical shelves and drawers to keep frozen food organised. Strong freezing in an elegant design for homes and shops.,(unchanged)
SKU-MSGB3G24,فريزر M.T أفقي 8 قدم,فريزر M.T أفقي 8 قدم,M.T 8 Cu.ft Chest Freezer,M.T Chest Freezer 8 cu ft,M.T,Brand: M.T; Type: Chest; Capacity: 8 cu ft,"M.T 8 Cu.ft chest freezer featuring fast freezing performance, practical storage capacity, energy-efficient operation, and a durable design for home or commercial use.","M.T chest freezer with an 8 cu ft capacity. Fast freezing, practical storage, economical power use and a sturdy design for home and commercial use.",(unchanged)
SKU-MSGA6WFM,فريزر Midea 12 قدم,فريزر Midea أفقي 12 قدم,Midea Freezer 12FT,Midea Chest Freezer 12 cu ft,Midea,Brand: Midea; Type: Chest; Capacity: 12 cu ft,"Midea chest freezer featuring efficient freezing performance, practical storage capacity, and energy-saving operation for home or commercial use.","Midea chest freezer with fast freezing, suitable storage and economical power use, for home or commercial use.",(unchanged)
SKU-MSGB6I91,فريزر Nikai أفقي 6 قدم,فريزر Nikai أفقي 6 قدم,Nikai 6 Cu.ft Chest Freezer,Nikai Chest Freezer 6 cu ft,Nikai,Brand: Nikai; Type: Chest; Capacity: 6 cu ft,"Nikai 6 Cu.ft chest freezer with a compact design, fast freezing performance, and reliable operation for homes and small businesses.",Compact Nikai freezer with a 6 cu ft capacity. Fast freezing and reliable performance for homes and small shops.,(unchanged)
SKU-MSG9UB88,فريزر StarTech أفقي 8 قدم,فريزر StarTech أفقي 8 قدم,StarTech 8 Cu.ft Chest Freezer,StarTech Chest Freezer 8 cu ft,StarTech,Brand: StarTech; Type: Chest; Capacity: 8 cu ft,"StarTech 8 Cu.ft chest freezer with fast freezing performance, spacious storage, and energy-efficient operation for preserving frozen food.","StarTech chest freezer with an 8 cu ft capacity. Fast freezing and suitable storage for meat and frozen food over long periods, with economical power use.",(unchanged)
SKU-MSG9VB9Q,فريزر StarTech أفقي,فريزر StarTech أفقي,StarTech Chest Freezer,StarTech Chest Freezer,StarTech,Brand: StarTech; Type: Chest,"StarTech chest freezer offering large storage capacity, powerful freezing performance, and reliable operation for homes, shops, and commercial use.","StarTech chest freezer with large storage and strong cooling, suited to homes, shops and restaurants.",(unchanged)
SKU-MSG9W5VQ,فريزر StarTech M.T أفقي 14 قدم,فريزر StarTech M.T أفقي 14 قدم,StarTech M.T 14 Cu.ft Chest Freezer,StarTech M.T Chest Freezer 14 cu ft,StarTech,Brand: StarTech; Type: Chest; Capacity: 14 cu ft; Model: M.T,"StarTech M.T 14 Cu.ft chest freezer featuring large storage capacity, fast freezing technology, durable construction, and energy-efficient performance.","StarTech M.T freezer with a 14 cu ft capacity. Large storage and fast freezing to keep food quality, with a sturdy design and economical power use.",(unchanged)
UNI-CFREEZER-282,فريزر يونيون إير 12 قدم,فريزر Unionaire أفقي 12 قدم,Unionaire  Freezer 12 FT,Unionaire Chest Freezer 12 cu ft,Unionaire,Brand: Unionaire; Type: Chest; Capacity: 12 cu ft,The Unionaire Chest Freezer offers reliable freezing performance with a spacious interior for storing a wide range of frozen foods. It is designed for both residential and commercial applications.,Unionaire chest freezer with reliable freezing and a roomy interior for all kinds of frozen food. Easy to use and well built for home and commercial use.,(unchanged)
UNI-CFREEZER-250,فريزر يونيون إير 9 قدم,فريزر Unionaire أفقي 9 قدم,Unionaire  Freezer 9 FT,Unionaire Chest Freezer 9 cu ft,Unionaire,Brand: Unionaire; Type: Chest; Capacity: 9 cu ft,"The Unionaire Chest Freezer provides spacious frozen storage, making it ideal for preserving large quantities of food. Its practical design suits homes, restaurants, and retail businesses while delivering reliable freezing performance.","Unionaire chest freezer with large storage for keeping big amounts of frozen food for long periods. Its practical design suits homes, restaurants and shops, with efficient freezing.",(unchanged)
UNI-UPFREEZER-230,فريزر يونيون إير رأسي 6 احواض,فريزر Unionaire رأسي 6 أدراج,Unionaire Upright Freezer,"Unionaire Upright Freezer, 6 Drawers",Unionaire,Brand: Unionaire; Type: Upright; Drawers: 6,The Unionaire Upright Freezer offers organized frozen food storage with easy access through its vertical design. It delivers dependable freezing performance for both home and commercial use.,Unionaire upright freezer with organised storage and easy access thanks to its vertical design. Keeps all kinds of frozen food with steady cooling; practical for homes and shops.,(unchanged)
SKU-MSGDJGYG,شعلة Newdale 3 عيون,شعلة Newdale 3 عيون,Newdale 3 Burner Gas Stove,Newdale Gas Burner 3 Burners,Newdale,Brand: Newdale; Fuel: Gas; Burners: 3,Newdale 3-burner gas stove offering even heat distribution and reliable performance for everyday cooking.,Newdale three-burner gas stove with even heat and reliable performance for everyday cooking.,(unchanged)
SKU-MSGDL5P4,شعلة Nikai 3 عيون,شعلة Nikai 3 عيون,Nikai 3 Burner Gas Stove,Nikai Gas Burner 3 Burners,Nikai,Brand: Nikai; Fuel: Gas; Burners: 3,Nikai 3-burner gas stove featuring durable construction and reliable cooking performance.,"Nikai three-burner gas stove, well built with steady performance, suited to home use.",(unchanged)
SKU-MSGFNLTJ,شعلة نيكورا,شعلة Nikura,Nikura Burner,Nikura Burner,Nikura,Brand: Nikura; Fuel: Gas / electric,Nikura cooking burner,Nikura gas/electric burner for cooking.,(unchanged)
SKU-MSHQZJE3,بوتاجاز رخام 4 عيون,بوتاجاز رخام 4 عيون,4 Burner Marble Gas Cooker,"Gas Cooker 4 Burners, Marble",,Fuel: Gas; Burners: 4; Surface: Marble,"Four-burner marble gas cooker designed for efficient cooking with even heat distribution. It features a durable, easy-to-clean surface and is ideal for everyday home use.","Gas cooker with a marble top and four burners. Even heat and a practical, easy-to-clean design for everyday home cooking.",(unchanged)
SKU-MSKN2QPM,بوتاجاز Bestcook 5 عيون,بوتاجاز Bestcook 5 عيون,Bestcook 5-Burner Gas Cooker,Bestcook Gas Cooker 5 Burners,Bestcook,Brand: Bestcook; Fuel: Gas; Burners: 5,"Bestcook 5-burner gas cooker designed to provide convenient cooking space for preparing multiple dishes simultaneously, with a practical design suitable for everyday home use.","Bestcook gas cooker with five burners, room to cook several dishes at once, in a practical design for everyday home use.",(unchanged)
SKU-MSKMP11C,بوتاجاز Digi 5 عيون,بوتاجاز Digi 5 عيون,Digi 5-Burner Gas Cooker,Digi Gas Cooker 5 Burners,Digi,Brand: Digi; Fuel: Gas; Burners: 5,Digi 5-burner gas cooker providing convenient cooking space for preparing multiple dishes at the same time. Its practical design makes it suitable for everyday home use.,"Digi cooker with five burners, room to cook several dishes at once, in a practical design for everyday home use.",(unchanged)
SKU-MSKMPS33,بوتاجاز Digi 6 عيون,بوتاجاز Digi 6 عيون (4 غاز + 2 كهرباء),Digi 6-Burner Gas Cooker,Digi Cooker 6 Burners (4 Gas + 2 Electric),Digi,Brand: Digi; Fuel: 4 gas + 2 electric; Burners: 6,Digi 6-burner gas cooker offering ample cooking space for preparing multiple dishes simultaneously. It features a practical design suitable for home kitchens.,"Digi cooker with six burners: four gas and two electric. Plenty of room to cook several dishes at once, in a practical design for home kitchens.",(unchanged)
SKU-MSKN5C9V,بوتاجاز Fresh 4 عيون,بوتاجاز Fresh 4 عيون,Fresh 4-Burner Gas Cooker,Fresh Gas Cooker 4 Burners,Fresh,Brand: Fresh; Fuel: Gas; Burners: 4,"Fresh 4-burner gas cooker designed for everyday cooking, featuring a practical size and user-friendly design for home kitchens.","Fresh gas cooker with four burners: a practical everyday cooker, sized for home kitchens and easy to use.",(unchanged)
SKU-MSKN4417,بوتاجاز Fresh 5 عيون,بوتاجاز Fresh 5 عيون,Fresh 5-Burner Gas Cooker,Fresh Gas Cooker 5 Burners,Fresh,Brand: Fresh; Fuel: Gas; Burners: 5,"Fresh 5-burner gas cooker offering practical cooking space for everyday meal preparation, with an easy-to-use design suitable for home kitchens.","Fresh gas cooker with five burners for everyday cooking, with practical room for several meals and an easy-to-use design.",(unchanged)
SKU-MSKMQH3B,بوتاجاز Glem 5 عيون ايطالي,بوتاجاز Glem إيطالي 5 عيون,Glem 5-Burner Gas Cooker,Glem Gas Cooker 5 Burners,Glem,Brand: Glem; Fuel: Gas; Burners: 5; Made in: Italy,"Glem 5-burner gas cooker designed to provide convenient cooking space for preparing multiple dishes simultaneously, with a practical design for everyday kitchen use.","Italian Glem cooker with five burners, practical room to cook several dishes at once, designed for everyday kitchen use.",(unchanged)
SKU-MSKN8NLD,بوتاجاز Hafab رخام 4 عيون,بوتاجاز Hafab رخام 4 عيون,Hafab 4-Burner Marble Gas Cooker,"Hafab Gas Cooker 4 Burners, Marble",Hafab,Brand: Hafab; Fuel: Gas; Burners: 4; Surface: Marble,"Hafab 4-burner marble gas cooker designed for everyday cooking, featuring a practical design suitable for home kitchens.","Hafab gas cooker with a marble top and four burners for everyday cooking, in a practical design for home use.",(unchanged)
SKU-MSHQ5QJH,بوتاجاز Hafab رخام مع شفاط - 4 عيون,بوتاجاز Hafab رخام مع شفاط 4 عيون,Hafab Marble Gas Cooker with Hood - 4 Burners,"Hafab Gas Cooker 4 Burners, Marble, with Hood",Hafab,Brand: Hafab; Fuel: Gas; Burners: 4; Surface: Marble; Feature: Built-in hood,"Hafab marble gas cooker with an integrated hood and four burners, combining practical design with reliable cooking performance.","Hafab gas cooker with a marble top, a built-in hood and four burners, combining a practical design with reliable everyday performance.",(unchanged)
SKU-MSKN6JOW,بوتاجاز Haftec رخام 4 عيون,بوتاجاز Haftec رخام 4 عيون,Haftec 4-Burner Marble Gas Cooker,"Haftec Gas Cooker 4 Burners, Marble",Haftec,Brand: Haftec; Fuel: Gas; Burners: 4; Surface: Marble,"Haftec 4-burner marble gas cooker featuring a practical, easy-to-clean surface and a design suitable for everyday kitchen use.","Haftec gas cooker with a marble top and four burners, practical and easy to clean, suited to everyday kitchen use.",(unchanged)
SKU-MSKN7NMD,بوتاجاز Haftec رخام 5 عيون,بوتاجاز Haftec رخام 5 عيون,Haftec 5-Burner Marble Gas Cooker,"Haftec Gas Cooker 5 Burners, Marble",Haftec,Brand: Haftec; Fuel: Gas; Burners: 5; Surface: Marble,"Haftec 5-burner marble gas cooker providing ample cooking space for multiple dishes, with a practical and easy-to-clean design.","Haftec gas cooker with a marble top and five burners: plenty of room to cook several dishes at once, practical and easy to clean.",(unchanged)
SKU-MSGERZYT,كسارة تلج حجم 500 واط,كسارة ثلج كهربائية 500 واط,Ice Crusher Size 500 watt,Electric Ice Crusher 500 W,,Power: 500 W,"Electric ice crusher for crushing ice, size 500 watt","Electric ice crusher for making crushed ice, 500 W.",(unchanged)
SKU-MSGFIION,انفيرتر,انفيرتر,Inverter,Power Inverter,,,Device for converting DC power to AC power,Device that converts DC power to AC power.,(unchanged)
SKU-MSGFMZ5F,بطارية شحن 1500 فولت,جهاز UPS (بطارية شحن) 1500 VA,Rechargeable Battery 1500 V,UPS 1500 VA,,"Type: UPS; Rating: 1,500 VA",Rechargeable battery 1500,Rechargeable UPS backup power unit rated 1500 VA.,(unchanged)
SKU-MSGFLXAQ,بطارية شحن 850 فولت,جهاز UPS (بطارية شحن) 850 VA,Rechargeable Battery 850V,UPS 850 VA,,Type: UPS; Rating: 850 VA,Rechargeable battery 850,Rechargeable UPS backup power unit rated 850 VA.,(unchanged)
SKU-MSHR7EGP,مكواة كهربائية,مكواة كهربائية,Electric Dry Iron,Electric Dry Iron,,Type: Dry,"Electric dry iron designed for fast and efficient ironing with even heat distribution, suitable for a wide range of fabrics.","Electric iron for fast, effective ironing with even heat, suited to all kinds of fabric.",(unchanged)
SKU-MSHR9UWX,مكواة Nikai بخار,مكواة بخار Nikai,Nikai Steam Iron,Nikai Steam Iron,Nikai,Brand: Nikai; Type: Steam,Nikai steam iron designed for fast and efficient ironing with even steam and heat distribution. It removes wrinkles effectively from a wide range of fabrics while delivering reliable everyday performance.,"Nikai steam iron for fast, effective ironing, with even steam and heat that remove creases easily from all kinds of fabric. Easy to use and reliable every day.",(unchanged)
SKU-MSHRAWPP,مكواة Sayonapps بخار,مكواة بخار Sayonapps,Sayonapps Steam Iron,Sayonapps Steam Iron,Sayonapps,Brand: Sayonapps; Type: Steam,"Sayonapps steam iron designed to provide efficient ironing with consistent steam output, making it easy to remove wrinkles and achieve excellent results in less time.","Sayonapps steam iron with practical performance and good steam distribution, for easy ironing and excellent results in a short time.",(unchanged)
SKU-MSGFKT6O,كنكة قهوة Marado,كنكة قهوة Marado,Marado Coffee Pot,Marado Coffee Pot,Marado,Brand: Marado,Marado coffee pot for preparing coffee,Marado coffee pot for making coffee.,(unchanged)
SKU-MSKMLVSH,كاتيل Midea كهربائي,كاتيل كهربائي Midea,Midea Electric Kettle,Midea Electric Kettle,Midea,Brand: Midea,"Midea electric kettle designed to boil water quickly and conveniently. It is suitable for preparing tea, coffee, and other hot beverages for everyday home or office use.","Midea electric kettle for boiling water quickly and easily; for tea, coffee and other hot drinks at home or in the office.",(unchanged)
SKU-MSKML3RX,كاتيل Midea زجاج,كاتيل كهربائي زجاج Midea,Midea Glass Electric Kettle,Midea Glass Electric Kettle,Midea,Brand: Midea; Material: Glass,Midea glass electric kettle designed for quickly and conveniently boiling and heating water. It features a practical and elegant design suitable for everyday use at home or in the office.,"Midea glass electric kettle for boiling and heating water quickly and easily, with a practical, elegant design for daily use at home or in the office.",(unchanged)
SKU-MSGEQXSZ,إضاءة شارع,إضاءة شارع,Streetlight,Street Light,,Use: Outdoor,Outdoor street light for roads and open areas,Outdoor floodlight / lamp for streets and open areas.,(unchanged)
SKU-MSKM7BMM,مايكرويف LG 20 لتر,مايكرويف LG 20 لتر,LG 20L Microwave Oven,LG Microwave Oven 20 L,LG,Brand: LG; Capacity: 20 L,LG 20L microwave oven suitable for heating and cooking a variety of foods. Its practical capacity makes it suitable for home kitchens and smaller spaces.,LG microwave with a 20 L capacity for heating and cooking a variety of food; a practical size for home kitchens and small spaces.,(unchanged)
SKU-MSKM9257,مايكرويف LG 42 لتر,مايكرويف LG 42 لتر,LG 42L Microwave Oven,LG Microwave Oven 42 L,LG,Brand: LG; Capacity: 42 L,"LG 42L microwave oven offering a larger interior capacity for heating and preparing a variety of foods, making it suitable for everyday home use.","LG microwave with a 42 L capacity, a larger interior for heating and preparing bigger amounts of food; suited to everyday home use.",(unchanged)
SKU-MSKM8L7R,مايكرويف Midea 20 لتر,مايكرويف Midea 20 لتر,Midea 20L Microwave Oven,Midea Microwave Oven 20 L,Midea,Brand: Midea; Capacity: 20 L,"Midea 20L microwave oven providing a practical solution for heating and preparing food, with a convenient capacity for everyday home use.","Midea microwave with a 20 L capacity, a practical way to heat and prepare food, sized for everyday home use.",(unchanged)
SKU-MSGFAE4R,مفراكة DSP,مفراكة كهربائية DSP,DSP Grater,DSP Electric Grater,DSP,Brand: DSP,DSP electric grater/chopper for food preparation,DSP electric grater (mafraka) for preparing and chopping food.,(unchanged)
SKU-MSKMNZEL,مفرمة لحم DSP,مفرمة لحم DSP,DSP Meat Grinder,DSP Meat Grinder,DSP,Brand: DSP,DSP electric meat grinder designed for easily mincing meat and various ingredients. It provides practical performance for everyday food preparation at home.,DSP electric meat grinder for mincing meat and other ingredients easily; practical food preparation at home.,(unchanged)
SKU-MSGETE5W,سحان سيلفر كريست كبير 200 جرام,سحان SilverCrest كبير 200 جرام,Silver Crest Large Grinder 200g,SilverCrest Grinder 200 g,SilverCrest,Brand: SilverCrest; Capacity: 200 g,Silver Crest grinder with 200g capacity,SilverCrest grinder with a 200 g capacity.,(unchanged)
SKU-MSHR8HQP,عجانة كهربائية,عجانة كهربائية,Stand Mixer,Electric Stand Mixer,,,"Multi-purpose stand mixer designed for kneading dough, whisking eggs, and mixing ingredients. It delivers reliable performance for everyday kitchen tasks.","Multi-purpose electric stand mixer for kneading dough, whisking eggs and mixing ingredients, with strong performance that makes kitchen work easier.",(unchanged)
SKU-MSHQRBSE,حلة ضغط 16 لتر,حلة ضغط 16 لتر,16L Pressure Cooker,Pressure Cooker 16 L,,Capacity: 16 L,16-liter pressure cooker designed for faster cooking while preserving food quality.,Pressure cooker with a 16 L capacity for fast cooking while keeping food quality.,(unchanged)
SKU-MSGFA40G,حلة ضغط كهربائية ديزني,حلة ضغط كهربائية Disney,Disney Pot,Disney Electric Pressure Cooker,Disney,Brand: Disney; Type: Electric,Disney cooking pot for home use,Smart electric pressure cooker for home use.,(unchanged)
SKU-MSKMN1QM,حلة ضغط Midea,حلة ضغط Midea,Midea Pressure Cooker,Midea Pressure Cooker,Midea,Brand: Midea,Midea pressure cooker designed to make cooking faster and more convenient. It is suitable for preparing a variety of meals efficiently while helping preserve the flavor of ingredients.,"Midea pressure cooker that makes cooking easier and faster, preparing a variety of food efficiently while keeping its flavour.",(unchanged)
SKU-MSGFCTVO,رسيفر دانسات,رسيفر Dansat,Dansat Receiver,Dansat Satellite Receiver,Dansat,Brand: Dansat,Dansat satellite receiver for TV channels,Dansat satellite TV receiver.,(unchanged)
SKU-MSGFEX62,LNB لاقط إشارة دش,LNB لاقط إشارة دش,LNB Satellite Dish Signal Receiver,LNB Satellite Dish Signal Receiver,,,Satellite dish signal receiver installed on the dish antenna to receive satellite signals and transfer them to the receiver,Signal receiver mounted on the satellite dish; it picks up the satellite signal and passes it to the receiver.,(unchanged)
SKU-MSG9ZTJH,ثلاجة BestCool بابين 10 قدم (تجميد),ثلاجة BestCool بابين 10 قدم (تجميد),BestCool 10 Cu.ft Double Door Refrigerator,BestCool Double-Door Refrigerator 10 cu ft (Freezing),BestCool,Brand: BestCool; Doors: 2; Capacity: 10 cu ft; Variant: Freezing,"BestCool 10 Cu.ft double door refrigerator with a top freezer and efficient cooling system. It provides reliable performance, energy-efficient operation, and practical storage for everyday household use.","BestCool refrigerator with a 10 cu ft capacity, top freezer and effective cooling. Reliable with economical power use; suited to everyday home use.",(unchanged)
SKU-MSGA0LDV,ثلاجة BestCool 12 قدم (تجميد),ثلاجة BestCool 12 قدم (تجميد),BestCool Refrigerator 12 FT,BestCool Refrigerator 12 cu ft (Freezing),BestCool,Brand: BestCool; Capacity: 12 cu ft; Variant: Freezing,"BestCool refrigerator featuring a modern design and efficient cooling system, providing practical storage while keeping food and beverages fresh.","BestCool refrigerator with a modern design and high-efficiency cooling, practical storage that keeps food and drinks fresh.",(unchanged)
SKU-MSGA28OH,ثلاجة BestCool 12 قدم (بخارية),ثلاجة BestCool 12 قدم (بخارية),BestCool Refrigerator 12 FT,BestCool Refrigerator 12 cu ft (Steam),BestCool,Brand: BestCool; Capacity: 12 cu ft; Variant: Steam (bukhariya),"BestCool refrigerator designed to deliver stable cooling performance, practical storage capacity, and energy-efficient operation with a stylish appearance.","BestCool refrigerator built for steady cooling and storage suited to daily use, with economical operation and an elegant design.",(unchanged)
SKU-MSGB6VNT,ثلاجة Candis بابين 12 قدم,ثلاجة Candis بابين 12 قدم,Candis 12 Cu.ft Double Door Refrigerator,Candis Double-Door Refrigerator 12 cu ft,Candis,Brand: Candis; Doors: 2; Capacity: 12 cu ft,"Candis 12 Cu.ft double door refrigerator with a top freezer and efficient cooling system, offering spacious storage and long-lasting freshness.","Candis refrigerator with a 12 cu ft capacity, top freezer and effective cooling. Spacious storage that keeps food fresh for longer.",(unchanged)
SKU-MSGC4UVE,ثلاجة Hafab استاند,ثلاجة Hafab استاند,Hafab Upright Refrigerator,Hafab Upright Refrigerator,Hafab,Brand: Hafab; Type: Upright,Hafab upright refrigerator  offering spacious storage and efficient cooling performance for home and commercial use.,"Hafab upright refrigerator with spacious storage and effective cooling, suited to home and commercial use.",(unchanged)
SKU-MSC204QU,ثلاجة LG بابين 10 قدم,ثلاجة LG بابين 10 قدم,LG Double Door Refrigerator 10 ft,LG Double-Door Refrigerator 10 cu ft,LG,Brand: LG; Doors: 2; Capacity: 10 cu ft,"The LG 10 ft Double Door Refrigerator is designed to provide reliable cooling performance with a modern and elegant design. It offers practical storage space, energy-efficient operation, and durable construction, making it an excellent choice for everyday household use.","LG double-door refrigerator with a 10 cu ft capacity, built for effective cooling and ideal food storage in an elegant design for any kitchen. High build quality, practical storage and economical power use make it a good choice for everyday home use.",(unchanged)
SKU-MSC25XWT,ثلاجة LG بابين 12 قدم,ثلاجة LG بابين 12 قدم,LG Double Door Refrigerator 12 ft,LG Double-Door Refrigerator 12 cu ft,LG,Brand: LG; Doors: 2; Capacity: 12 cu ft,"The LG 12 ft Double Door Refrigerator delivers powerful cooling performance with efficient air circulation to keep food fresh for longer. It features a modern design, spacious storage capacity, and energy-efficient operation for everyday use.","LG double-door refrigerator with a 12 cu ft capacity. Strong cooling with balanced airflow keeps food fresh for longer; a modern design, spacious storage and efficient power use for everyday use.",(unchanged)
SKU-MSC27BDL,ثلاجة LG بابين 14 قدم,ثلاجة LG بابين 14 قدم,LG Double Door Refrigerator 14 ft,LG Double-Door Refrigerator 14 cu ft,LG,Brand: LG; Doors: 2; Capacity: 14 cu ft,The LG 14 ft Double Door Refrigerator combines spacious storage with elegant design. It provides fast and efficient cooling while offering practical shelves and compartments for easy organization.,"LG double-door refrigerator with a 14 cu ft capacity, combining large storage with an elegant design. Fast, effective cooling keeps food and drinks at their best, with practical, easy-to-organise shelves.",(unchanged)
SKU-MSC28KET,ثلاجة LG بابين 16 قدم,ثلاجة LG بابين 16 قدم,LG Double Door Refrigerator 16 ft,LG Double-Door Refrigerator 16 cu ft,LG,Brand: LG; Doors: 2; Capacity: 16 cu ft,The LG 16 ft Double Door Refrigerator offers generous storage capacity with advanced cooling technology to preserve food freshness. Its modern design and energy-efficient performance make it ideal for family use.,"LG double-door refrigerator with a 16 cu ft capacity. Large storage and advanced cooling keep food fresh, in a modern design with economical power use.",(unchanged)
SKU-MSC2AZ8E,ثلاجة LG بابين 20 قدم,ثلاجة LG بابين 20 قدم,LG Double Door Refrigerator 20 ft,LG Double-Door Refrigerator 20 cu ft,LG,Brand: LG; Doors: 2; Capacity: 20 cu ft,The LG 20 ft Double Door Refrigerator offers large storage capacity and advanced cooling technology to keep food fresh longer. Its premium design makes it a perfect fit for modern kitchens.,"LG double-door refrigerator with a 20 cu ft capacity. Large storage and advanced cooling keep food fresh for longer, in a premium design for modern kitchens.",(unchanged)
SKU-MSC2BZZZ,ثلاجة LG بابين 23 قدم,ثلاجة LG بابين 23 قدم,LG Double Door Refrigerator 23 ft,LG Double-Door Refrigerator 23 cu ft,LG,Brand: LG; Doors: 2; Capacity: 23 cu ft,"The LG 23 ft Double Door Refrigerator is designed for large families, offering spacious storage and efficient cooling performance. Its premium build quality and elegant appearance make it an excellent choice for any home.","LG double-door refrigerator with a 23 cu ft capacity, designed for large families. Spacious storage and effective cooling keep food fresh, with an elegant design and high build quality.",(unchanged)
SKU-MSC2F16Q,ثلاجة LG إنفرتر,ثلاجة LG إنفرتر,LG Inverter Refrigerator,LG Inverter Refrigerator,LG,Brand: LG; Feature: Inverter compressor,The LG Inverter Refrigerator delivers consistent cooling with lower energy consumption and quieter operation. Its inverter technology ensures reliable performance while helping reduce electricity costs.,"LG refrigerator with inverter technology: steady cooling with lower power use and quieter operation, keeping food fresh while cutting electricity use.",(unchanged)
SKU-MSC23COG,ثلاجة LG باب واحد 10 قدم,ثلاجة LG باب واحد 10 قدم,LG Single Door Refrigerator 10 ft,LG Single-Door Refrigerator 10 cu ft,LG,Brand: LG; Doors: 1; Capacity: 10 cu ft,"The LG 10 ft Single Door Refrigerator delivers reliable cooling performance in a compact and practical design. It features energy-efficient operation, durable build quality, and convenient storage, making it ideal for homes, offices, and small spaces.","LG single-door refrigerator with a 10 cu ft capacity. Steady cooling in a practical design for small and medium spaces; high quality, easy to use, low power use and storage that fits daily needs.",(unchanged)
SKU-MSC2E34Q,ثلاجة LG سمارت,ثلاجة LG سمارت,LG Smart Refrigerator,LG Smart Refrigerator,LG,Brand: LG; Feature: Smart,"The LG Smart Refrigerator features intelligent cooling technologies and modern convenience features, delivering efficient performance with a sleek design for contemporary kitchens.","LG Smart refrigerator with smart features that improve cooling efficiency and ease of use, in a modern design for today's kitchens.",(unchanged)
SKU-MSGB7MOU,ثلاجة StarTech بابين 10 قدم,ثلاجة StarTech بابين 10 قدم,StarTech 10 Cu.ft Double Door Refrigerator,StarTech Double-Door Refrigerator 10 cu ft,StarTech,Brand: StarTech; Doors: 2; Capacity: 10 cu ft,"StarTech 10 Cu.ft double door refrigerator featuring a modern design, efficient cooling system, reliable performance, and energy-saving operation for everyday use.","StarTech refrigerator with a 10 cu ft capacity, elegant design and high-efficiency cooling. Reliable with economical power use; suited to everyday use.",(unchanged)
SKU-MSG9OBGU,ثلاجة StarTech بابين 12 قدم,ثلاجة StarTech بابين 12 قدم,StarTech 12 Cu.ft Double Door Refrigerator,StarTech Double-Door Refrigerator 12 cu ft,StarTech,Brand: StarTech; Doors: 2; Capacity: 12 cu ft,"The StarTech 12 Cu.ft Double Door Refrigerator provides reliable cooling and increased storage capacity for everyday family needs. It features a top freezer, durable interior shelves, and a modern design suitable for any kitchen.","StarTech refrigerator with a 12 cu ft capacity. Steady cooling and more storage for a family's daily needs, with a top freezer, practical shelves and an elegant design.",(unchanged)
SKU-MSG9PIH1,ثلاجة StarTech بابين 14 قدم,ثلاجة StarTech بابين 14 قدم,StarTech 14 Cu.ft Double Door Refrigerator,StarTech Double-Door Refrigerator 14 cu ft,StarTech,Brand: StarTech; Doors: 2; Capacity: 14 cu ft,"The StarTech 14 Cu.ft Double Door Refrigerator features a spacious interior with efficient cooling technology to keep food fresh. It includes a top freezer, multiple storage shelves, and a practical layout for everyday use.","StarTech refrigerator with a 14 cu ft capacity. Large storage and effective cooling keep food fresh for longer, with a top freezer and several shelves for easy organising.",(unchanged)
UNI-REF-10FT-320,ثلاجة يونيون إير 10 قدم,ثلاجة Unionaire 10 قدم,Unionaire Refrigerator 10 ft,Unionaire Refrigerator 10 cu ft,Unionaire,Brand: Unionaire; Capacity: 10 cu ft,The Unionaire 10 ft Refrigerator delivers reliable cooling performance with practical storage space for everyday home or office use. Its modern design and well-organized interior shelves provide convenient food storage while ensuring consistent cooling efficiency.,"Unionaire refrigerator with a 10 cu ft capacity. Reliable cooling and practical storage for daily use at home or in the office; an elegant design with shelves that make organising easy, and steady, efficient cooling.",(unchanged)
UNI-REF-12FT-440,ثلاجة يونيون إير 12 قدم فروست / نوفروست بابين,ثلاجة Unionaire بابين 12 قدم (فروست / نوفروست),Unionaire Refrigerator 12 ft Frost / No Frost double doors,Unionaire Double-Door Refrigerator 12 cu ft (Frost / No Frost),Unionaire,"Brand: Unionaire; Doors: 2; Capacity: 12 cu ft; Variant: Frost or No Frost, by model","The Unionaire 12 ft Refrigerator offers spacious storage and efficient cooling for everyday family use. Available in Frost and No Frost models, it features practical shelving, consistent cooling performance, and a modern design suitable for various kitchen spaces.","Unionaire 12 cu ft refrigerator with storage suited to families and effective cooling that keeps food and drinks fresh. Available as Frost or No Frost depending on the model, with good cold distribution, practical shelves and a design for any kitchen.",(unchanged)
UNI-REF-14FT-600,ثلاجة يونيون إير 14 قدم بابين disri,ثلاجة Unionaire بابين 14 قدم,Unionaire Refrigerator 14 ft double doors disri,Unionaire Double-Door Refrigerator 14 cu ft,Unionaire,Brand: Unionaire; Doors: 2; Capacity: 14 cu ft; Model: Disri,"The Unionaire 14 ft Refrigerator provides generous storage capacity with efficient cooling performance for everyday household needs. Its practical interior layout allows easy organization, while its modern appearance complements contemporary kitchens.","Unionaire 14 cu ft refrigerator with large storage for home use and effective cooling that keeps food and drinks at their best. A practical interior makes organising easy, and the modern look adds elegance to the kitchen.",(unchanged)
UNI-REF-16FT-600,ثلاجة يونيون إير 16 قدم بابين,ثلاجة Unionaire بابين 16 قدم,Unionaire Refrigerator 16 ft double doors,Unionaire Double-Door Refrigerator 16 cu ft,Unionaire,Brand: Unionaire; Doors: 2; Capacity: 16 cu ft,"The Unionaire 16 ft Refrigerator offers spacious storage for larger families, delivering dependable cooling performance and a practical interior layout for organizing different food items with ease.","Unionaire 16 cu ft refrigerator with spacious storage for large families, steady cooling and an interior that makes arranging all kinds of food easy. Practical and elegant for everyday use.",(unchanged)
UNI-REF-18FT-700,ثلاجة يونيون إير 18 قدم بابين,ثلاجة Unionaire بابين 18 قدم,Unionaire Refrigerator 18 ft double doors,Unionaire Double-Door Refrigerator 18 cu ft,Unionaire,Brand: Unionaire; Doors: 2; Capacity: 18 cu ft,"The Unionaire 18 ft Refrigerator is designed with a large storage capacity and reliable cooling performance, making it an excellent choice for households that require extra food storage space.","Unionaire 18 cu ft refrigerator built for large storage with high cooling efficiency, for homes that need extra room for food and drinks. Easy to use and reliably built.",(unchanged)
UNI-REF-20FT-800,ثلاجة يونيون إير 20 قدم بابين,ثلاجة Unionaire بابين 20 قدم,Unionaire Refrigerator 20 ft double doors,Unionaire Double-Door Refrigerator 20 cu ft,Unionaire,Brand: Unionaire; Doors: 2; Capacity: 20 cu ft,"The Unionaire 20 ft Refrigerator is ideal for large families, offering extra storage capacity and efficient cooling performance to keep food and beverages fresh. Its practical design ensures reliable daily operation.","The Unionaire 20 cu ft refrigerator is ideal for large families, with spacious storage and effective cooling for food and drinks. A practical design and solid build make it reliable every day.",(unchanged)
SKU-MSGC91OP,ثلاجة نيكاي مستعملة 6 قدم,ثلاجة Nikai مستعملة 6 قدم,Used Nikai Refrigerator 6 ft,Nikai Refrigerator 6 cu ft (Used),Nikai,"Brand: Nikai; Capacity: 6 cu ft; Condition: Used, in good working order","Used Nikai refrigerator in good working condition, suitable for commercial or workplace use, providing reliable cooling for everyday needs.","Used Nikai refrigerator in good working order, suited to commercial use or workplaces, with effective cooling for daily use.",(unchanged)
SKU-MSGEU5E3,ميزان توشيبا,ميزان رقمي حاسب للسعر 40 كجم,Toshiba Scale,Digital Price Scale 40 kg,,"Max weight: 40 kg; Display: Weight, unit price, total price",Toshiba scale up to 40 kgm,"Digital price-computing scale, up to 40 kg, with displays for weight, unit price and total price.",ميزان رقمي حاسب للسعر يتحمل حتى 40 كيلوجرام، يعرض الوزن وسعر الوحدة والسعر الإجمالي.
SKU-MSGFGV5J,حامل شاشة متحرك,حامل شاشة متحرك,Movable TV Stand,Movable TV Stand,,,Movable TV stand for mounting and supporting screens,Movable stand for mounting and holding TV screens.,(unchanged)
SKU-MSGDRAZ3,شاشة Dansat 43 بوصة,شاشة Dansat 43 بوصة,Dansat 43-Inch LED TV,Dansat LED TV 43 in,Dansat,Brand: Dansat; Screen size: 43 in,Dansat 43-inch LED TV offering clear picture quality and reliable everyday performance.,Dansat 43-inch TV with high picture quality and a modern design for homes and offices.,(unchanged)
SKU-MSGDWVZC,شاشة LG 49 بوصة,شاشة LG 49 بوصة,LG 49-Inch LED TV,LG LED TV 49 in,LG,Brand: LG; Screen size: 49 in,"LG 49-inch LED TV featuring excellent picture quality, vivid colors, and a modern design.","LG 49-inch TV with excellent picture quality, vivid colours and an elegant design.",(unchanged)
SKU-MSGDVLHX,شاشة SKY 32 بوصة,شاشة SKY 32 بوصة,SKY 32-Inch LED TV,SKY LED TV 32 in,SKY,Brand: SKY; Screen size: 32 in,SKY 32-inch LED TV with clear picture quality and a practical design for everyday use.,SKY 32-inch TV with a clear picture and a practical design for everyday use.,(unchanged)
SKU-MSHQ108K,شاشة Samsung 43 بوصة,شاشة Samsung 43 بوصة,Samsung 43-Inch LED TV,Samsung LED TV 43 in,Samsung,Brand: Samsung; Screen size: 43 in,"Samsung 43-inch LED TV delivering high-quality visuals, vibrant colors, and reliable performance for everyday entertainment.","Samsung 43-inch TV with high picture quality and clear colours, in an elegant design for many uses.",(unchanged)
SKU-MSHQ24EQ,شاشة Samsung 55 بوصة,شاشة Samsung 55 بوصة,Samsung 55-Inch LED TV,Samsung LED TV 55 in,Samsung,Brand: Samsung; Screen size: 55 in,"Samsung 55-inch LED TV featuring immersive viewing, crisp picture quality, and a modern design.","Samsung 55-inch TV for a great viewing experience, with a clear picture and modern design.",(unchanged)
SKU-MSHRJW1Y,غسالة عظيم حوضين 10 كجم,غسالة Azim حوضين 10 كجم,Azim 10kg Twin Tub Washing Machine,Azim Twin-Tub Washing Machine 10 kg,Azim,Brand: Azim; Type: Twin-tub; Capacity: 10 kg,Azim 10kg twin tub washing machine designed for efficient washing and spinning with dependable performance and simple operation for everyday household use.,"Azim twin-tub washing machine with a 10 kg capacity, built for fast, effective washing with reliable performance and easy use every day.",(unchanged)
SKU-MSHRKS1R,غسالة Digi حوضين 10 كجم,غسالة Digi حوضين 10 كجم,Digi 10kg Twin Tub Washing Machine,Digi Twin-Tub Washing Machine 10 kg,Digi,Brand: Digi; Type: Twin-tub; Capacity: 10 kg,"Digi 10kg twin tub washing machine featuring reliable washing and spinning performance, practical design, and generous capacity for everyday household use.",Digi twin-tub washing machine with a 10 kg capacity. Reliable washing and spinning in a practical design sized for daily needs.,(unchanged)
SKU-MSHRG6Y9,غسالة Fresh حوضين 10 كجم,غسالة Fresh حوضين 10 كجم,Fresh 10kg Twin Tub Washing Machine,Fresh Twin-Tub Washing Machine 10 kg,Fresh,Brand: Fresh; Type: Twin-tub; Capacity: 10 kg,"Fresh 10kg twin tub washing machine offering efficient washing performance, generous capacity, and easy operation for everyday use.","Fresh twin-tub washing machine with a 10 kg capacity. Effective washing and a family-sized capacity, easy to operate and maintain.",(unchanged)
SKU-MSHRI5KM,غسالة Fresh حوضين 8 كجم,غسالة Fresh حوضين 8 كجم,Fresh 8kg Twin Tub Washing Machine,Fresh Twin-Tub Washing Machine 8 kg,Fresh,Brand: Fresh; Type: Twin-tub; Capacity: 8 kg,"Fresh 8kg twin tub washing machine featuring reliable washing performance, user-friendly operation, and efficient water and energy consumption for everyday use.","Fresh twin-tub washing machine with an 8 kg capacity. Reliable, sized for small and medium families, simple to operate and efficient with water and power.",(unchanged)
SKU-MSHRHETZ,غسالة Fresh حوضين 9 كجم,غسالة Fresh حوضين 9 كجم,Fresh 9kg Twin Tub Washing Machine,Fresh Twin-Tub Washing Machine 9 kg,Fresh,Brand: Fresh; Type: Twin-tub; Capacity: 9 kg,"Fresh 9kg twin tub washing machine designed for efficient washing and spinning performance. It offers a practical design, easy operation, and reliable everyday use for households.","Fresh twin-tub washing machine with a 9 kg capacity. Effective washing and fast spinning in a practical, easy-to-use design for a family's daily needs.",(unchanged)
SKU-MSHRIZEN,غسالة Hafab حوضين 10 كجم,غسالة Hafab حوضين 10 كجم,Hafab 10kg Twin Tub Washing Machine,Hafab Twin-Tub Washing Machine 10 kg,Hafab,Brand: Hafab; Type: Twin-tub; Capacity: 10 kg,"Hafab 10kg twin tub washing machine offering efficient washing and spinning performance with a large capacity, durable construction, and easy operation.",Hafab twin-tub washing machine with a 10 kg capacity. Effective washing and spinning with a large capacity for home use; easy to operate and durable.,(unchanged)
SKU-MSHRFBMA,غسالة LG حوضين 10 كجم,غسالة LG حوضين 10 كجم,LG 10kg Twin Tub Washing Machine,LG Twin-Tub Washing Machine 10 kg,LG,Brand: LG; Type: Twin-tub; Capacity: 10 kg,LG 10kg twin tub washing machine designed for efficient washing and spinning with a practical design suitable for everyday household use.,"LG twin-tub washing machine with a 10 kg capacity. Easy to use with fast washing and spinning, in a practical design for daily use.",(unchanged)
SKU-MSGEIKP8,منظم اكنان 300 فولت حجم 500,منظم كهرباء Aknan 500 VA,Aknan Voltage Regulator 300V Size 500,Aknan Voltage Regulator 500 VA,Aknan,Brand: Aknan; Rating: 500 VA,"Aknan voltage regulator designed to stabilize and protect electrical appliances from voltage fluctuations, size 500",Aknan voltage regulator that stabilises power and protects appliances from current fluctuations; 500 VA.,(unchanged)
SKU-MSGE0N51,منظم مارشال 3000 فولت,منظم كهرباء Marshall 3000 VA,Marshall 3000V Voltage Regulator,Marshall Voltage Regulator 3000 VA,Marshall,"Brand: Marshall; Rating: 3,000 VA",Marshall voltage regulator 3000 designed to protect electrical appliances from voltage fluctuations and stabilize the power supply,"Marshall voltage regulator rated 3000 VA, protecting appliances from high and low voltage and stabilising the power supply.",(unchanged)
SKU-MSGEK8C3,منظم بريماكس حجم 1000,منظم كهرباء Primax 1000 VA,Primax Voltage Regulator Size 1000,Primax Voltage Regulator 1000 VA,Primax,"Brand: Primax; Rating: 1,000 VA","Primax voltage regulator for voltage stabilization and appliance protection, size 1000",Primax voltage regulator that stabilises voltage and protects appliances; 1000 VA.,(unchanged)
SKU-MSHR6GF8,منظم كهرباء,منظم كهرباء,Voltage Stabilizer,Voltage Stabilizer,,,"Voltage stabilizer designed to protect electrical appliances from voltage fluctuations, helping improve performance and extend equipment lifespan.","Voltage stabilizer that protects electrical appliances from voltage fluctuations, helping them perform better and last longer.",(unchanged)
SKU-MSGF6P5C,منظم جبر مائي 2000 فولت,منظم كهرباء Jabr مائي 2000 VA,Water Pump Control,Jabr Voltage Regulator 2000 VA,Jabr,"Brand: Jabr; Rating: 2,000 VA","Jabr voltage regulator for power stabilization and appliance protection, size 2000",Jabr voltage regulator that stabilises the current and protects appliances from voltage fluctuations; 2000 VA.,(unchanged)
SKU-MSGENVHU,مبرد مياه Geepas,مبرد مياه Geepas,Geepas Water Cooler,Geepas Water Cooler,Geepas,Brand: Geepas,Geepas water cooler for home and office use,Geepas water cooler providing cold water for home and office use.,(unchanged)
SKU-MSGEOT0O,مبرد مياه جراند,مبرد مياه Grand,Grand Water Cooler,Grand Water Cooler,Grand,Brand: Grand,Grand water cooler for water cooling,Grand water cooler for chilling water.,(unchanged)
SKU-MSGEMNQB,مبرد مياه برايم,مبرد مياه Prime,Prime Water Cooler,Prime Water Cooler,Prime,Brand: Prime,Prime water cooler for cooling and dispensing water,Prime water cooler for chilling and dispensing water at home or in the office.,(unchanged)
SKU-MSHQOS0T,مبرد مياه,مبرد مياه,cooler,Water Cooler,,, cooler delivering Excellent cooling  with energy-efficient operation.,"Water cooler with excellent cooling and economical power use, suited to homes and offices.",(unchanged)
SKU-MSGFJO2V,موتور مياه,موتور مياه,Water Pump Motor,Water Pump Motor,,,Water pump motor for water circulation and supply,"Motor for pumping water, for home or commercial use.",(unchanged)
SKU-MSG9LBZN,ثلاجة StarTech بابين 10 قدم,(REMOVE: duplicate without photo),StarTech 10 Cu.ft Double Door Refrigerator,(REMOVE),,,,,
