priority,sku,name_ar,name_en,problem,photo_url
1,SKU-MSGA9TVM,فريزر BestCool أفقي 12 قدم,BestCool Chest Freezer 12 cu ft,no photo,
1,SKU-MSG9ZTJH,ثلاجة BestCool بابين 10 قدم (تجميد),BestCool Double-Door Refrigerator 10 cu ft (Freezing),no photo,
1,SKU-MSGAI8QB,فريزر BestCool Hafab أفقي 19 قدم,BestCool Hafab Chest Freezer 19 cu ft,no photo,
1,SKU-MSGAKDD1,فريزر BestCool Hafab عرض بابين,"BestCool Hafab Display Freezer, 2 Doors",no photo,
1,SKU-MSGASCKH,فريزر BestCool Haftec عرض 8 قدم,BestCool Haftec Display Freezer 8 cu ft,no photo,
1,SKU-MSGA0LDV,ثلاجة BestCool 12 قدم (تجميد),BestCool Refrigerator 12 cu ft (Freezing),no photo,
1,SKU-MSGA28OH,ثلاجة BestCool 12 قدم (بخارية),BestCool Refrigerator 12 cu ft (Steam),no photo,
1,SKU-MSGF6P5C,منظم كهرباء Jabr مائي 2000 VA,Jabr Voltage Regulator 2000 VA,no photo,
1,SKU-MSC2F16Q,ثلاجة LG إنفرتر,LG Inverter Refrigerator,no photo,
1,SKU-MSC2E34Q,ثلاجة LG سمارت,LG Smart Refrigerator,no photo,
1,SKU-MSGB3G24,فريزر M.T أفقي 8 قدم,M.T Chest Freezer 8 cu ft,no photo,
1,SKU-MSGA6WFM,فريزر Midea أفقي 12 قدم,Midea Chest Freezer 12 cu ft,no photo,
1,SKU-MSG9VB9Q,فريزر StarTech أفقي,StarTech Chest Freezer,no photo,
1,SKU-MSG9UB88,فريزر StarTech أفقي 8 قدم,StarTech Chest Freezer 8 cu ft,no photo,
1,SKU-MSG9OBGU,ثلاجة StarTech بابين 12 قدم,StarTech Double-Door Refrigerator 12 cu ft,no photo,
1,SKU-MSG9PIH1,ثلاجة StarTech بابين 14 قدم,StarTech Double-Door Refrigerator 14 cu ft,no photo,
1,SKU-MSG9W5VQ,فريزر StarTech M.T أفقي 14 قدم,StarTech M.T Chest Freezer 14 cu ft,no photo,
2,SKU-MSKM6MXK,قلاية هوائية,Air Fryer,"too small (500×500), busy background",https://res.cloudinary.com/dmnqypzhs/image/upload/v1787397231/products/cdso1azlihamd91hmxtn.jpg
2,SKU-MSGEIKP8,منظم كهرباء Aknan 500 VA,Aknan Voltage Regulator 500 VA,"too small (526×789), busy background",https://res.cloudinary.com/dmnqypzhs/image/upload/v1787850651/products/hzkltszbzpqon1akwqnc.jpg
2,SKU-MSHRJW1Y,غسالة Azim حوضين 10 كجم,Azim Twin-Tub Washing Machine 10 kg,"too small (590×590), busy background",https://res.cloudinary.com/dmnqypzhs/image/upload/v1787398438/products/gwck1cqctrnkruknbmqe.jpg
2,SKU-MSGFAE4R,مفراكة كهربائية DSP,DSP Electric Grater,too small (500×500),https://res.cloudinary.com/dmnqypzhs/image/upload/v1787847772/products/yemaumdxu7ukdljltvr1.jpg
2,SKU-MSKLY3PW,فرن كهربائي DSP 35 لتر,DSP Electric Oven 35 L,too small (500×500),https://res.cloudinary.com/dmnqypzhs/image/upload/v1787397721/products/uzb5vaorgkeyf9x9uiuc.jpg
2,SKU-MSKMPS33,بوتاجاز Digi 6 عيون (4 غاز + 2 كهرباء),Digi Cooker 6 Burners (4 Gas + 2 Electric),"too small (360×590), busy background",https://res.cloudinary.com/dmnqypzhs/image/upload/v1787391231/products/dzkrgyy3gnksqc7yicbm.jpg
2,SKU-MSHRKS1R,غسالة Digi حوضين 10 كجم,Digi Twin-Tub Washing Machine 10 kg,too small (430×430),https://res.cloudinary.com/dmnqypzhs/image/upload/v1787398290/products/kozy1ewrlamgadkwmw7q.jpg
2,SKU-MSGFA40G,حلة ضغط كهربائية Disney,Disney Electric Pressure Cooker,too small (560×558),https://res.cloudinary.com/dmnqypzhs/image/upload/v1787847916/products/ri9qnb0gxn6z1m0lldxj.jpg
2,SKU-MSGF3H7D,كبة كهربائية,Electric Food Processor,too small (300×300),https://res.cloudinary.com/dmnqypzhs/image/upload/v1787848314/products/ezvahagkflnz5jxkaxud.jpg
2,SKU-MSHR3MCI,هيتر كهربائي 2 عين,Electric Hot Plate 2 Burners,too small (1200×463),https://res.cloudinary.com/dmnqypzhs/image/upload/v1787841788/products/y7qcy5xtxin8xlvg4alw.jpg
2,SKU-MSGFBFVM,سلك كهربائي,Electrical Cable,too small (500×500),https://res.cloudinary.com/dmnqypzhs/image/upload/v1787847757/products/oam9p4raisboubuyc5z8.jpg
2,SKU-MSKLWAVT,فرن كهربائي Ferre 35 لتر,Ferre Electric Oven 35 L,"too small (590×443), busy background",https://res.cloudinary.com/dmnqypzhs/image/upload/v1787398128/products/buplqpsvj3x4mjwguu8j.jpg
2,SKU-MSKLVHC9,فرن كهربائي Ferre 45 لتر,Ferre Electric Oven 45 L,"too small (590×443), busy background",https://res.cloudinary.com/dmnqypzhs/image/upload/v1787398142/products/ehvw8zy0etbsrjfeffor.jpg
2,SKU-MSKLUASR,فرن كهربائي Ferre 60 لتر,Ferre Electric Oven 60 L,"too small (590×443), busy background",https://res.cloudinary.com/dmnqypzhs/image/upload/v1787398152/products/aonohvlzavycrbuyjlc7.jpg
2,SKU-MSHRI5KM,غسالة Fresh حوضين 8 كجم,Fresh Twin-Tub Washing Machine 8 kg,too small (500×500),https://res.cloudinary.com/dmnqypzhs/image/upload/v1787398763/products/hj5ulpy4ktjglt7ohhpz.jpg
2,SKU-MSGEOT0O,مبرد مياه Grand,Grand Water Cooler,too small (500×1500),https://res.cloudinary.com/dmnqypzhs/image/upload/v1787849353/products/sgoppqbo4sti4bwjygow.jpg
2,SKU-MSHRIZEN,غسالة Hafab حوضين 10 كجم,Hafab Twin-Tub Washing Machine 10 kg,"too small (1080×486), busy background",https://res.cloudinary.com/dmnqypzhs/image/upload/v1787398625/products/lolmree7rggezv7xfbbl.jpg
2,SKU-MSGC4UVE,ثلاجة Hafab استاند,Hafab Upright Refrigerator,"too small (443×590), busy background",https://res.cloudinary.com/dmnqypzhs/image/upload/v1788095929/products/fu41fpsa9kxouj5cjc1j.jpg
2,SKU-MSGB4MLW,فريزر Haftec أفقي 8 قدم,Haftec Chest Freezer 8 cu ft,"too small (443×590), busy background",https://res.cloudinary.com/dmnqypzhs/image/upload/v1788097122/products/j08jxngwndtkwl88cih9.jpg
2,SKU-MSKN7NMD,بوتاجاز Haftec رخام 5 عيون,"Haftec Gas Cooker 5 Burners, Marble","too small (1175×552), busy background",https://res.cloudinary.com/dmnqypzhs/image/upload/v1787389820/products/ebczjom1p3gc7eahze1d.jpg
2,SKU-MSHQMVTH,مروحة هيلاهوب,Hila Hoop Fan,"too small (500×308), busy background",https://res.cloudinary.com/dmnqypzhs/image/upload/v1787843676/products/pyhso6tzpwlowqmzmrab.jpg
2,SKU-MSGCUO3E,"مكيف ICE ثابت 6,000 وحدة","ICE Split Air Conditioner 6,000 BTU","too small (472×590), busy background",https://res.cloudinary.com/dmnqypzhs/image/upload/v1787853094/products/x9wpix981j2frqotb9wx.jpg
2,SKU-MSKMJZ0N,خلاط Midea,Midea Blender,too small (569×502),https://res.cloudinary.com/dmnqypzhs/image/upload/v1787392155/products/w4pixkzsr9hqimm0nlsn.jpg
2,SKU-MSGEPSYK,مروحة ستاند Midea,Midea Stand Fan,too small (500×500),https://res.cloudinary.com/dmnqypzhs/image/upload/v1787849653/products/xcunee1pghy9rxz1lt6c.jpg
2,SKU-MSGB6I91,فريزر Nikai أفقي 6 قدم,Nikai Chest Freezer 6 cu ft,too small (492×383),https://res.cloudinary.com/dmnqypzhs/image/upload/v1788096593/products/t3anhiz29jf8cg2cwlev.jpg
2,SKU-MSGDL5P4,شعلة Nikai 3 عيون,Nikai Gas Burner 3 Burners,too small (857×236),https://res.cloudinary.com/dmnqypzhs/image/upload/v1787851716/products/gbhcjezm4osu3p2vir62.jpg
2,SKU-MSGC91OP,ثلاجة Nikai مستعملة 6 قدم,Nikai Refrigerator 6 cu ft (Used),"too small (375×590), busy background",https://res.cloudinary.com/dmnqypzhs/image/upload/v1788095956/products/vgnojvthcgit79mycecr.jpg
2,SKU-MSGETE5W,سحان SilverCrest كبير 200 جرام,SilverCrest Grinder 200 g,too small (590×590),https://res.cloudinary.com/dmnqypzhs/image/upload/v1787849156/products/qfjjtylwi5a4uxggjkpx.jpg
2,SKU-MSHQU4VI,فرن كهربائي Star بابين 100 لتر,"Star Electric Oven 100 L, Double Door",too small (510×510),https://res.cloudinary.com/dmnqypzhs/image/upload/v1787843077/products/zrwr4rrtomvbcjfwdhwz.jpg
2,SKU-MSHQW4ES,فرن كهربائي Star بابين 120 لتر,"Star Electric Oven 120 L, Double Door",too small (510×510),https://res.cloudinary.com/dmnqypzhs/image/upload/v1787843236/products/dsw07u1cfyuti3burjbl.jpg
2,SKU-MSGB7MOU,ثلاجة StarTech بابين 10 قدم,StarTech Double-Door Refrigerator 10 cu ft,"too small (226×590), busy background",https://res.cloudinary.com/dmnqypzhs/image/upload/v1787853518/products/vkijrsel2h9hu03wb0a0.jpg
2,SKU-MSGCYFP3,"مكيف TCL سبليت 18,000 وحدة","TCL Split Air Conditioner 18,000 BTU","too small (1200×464), busy background",https://res.cloudinary.com/dmnqypzhs/image/upload/v1787853028/products/eue8i1g5zvdhzo8xerld.jpg
2,SKU-MSGCPE27,"مكيف Unionaire متنقل 8,000 وحدة","Unionaire Portable Air Conditioner 8,000 BTU",too small (780×485),https://res.cloudinary.com/dmnqypzhs/image/upload/v1787853209/products/p9gopjrjcqeordmsz7fk.png
2,UNI-REF-10FT-320,ثلاجة Unionaire 10 قدم,Unionaire Refrigerator 10 cu ft,too small (500×500),https://res.cloudinary.com/dmnqypzhs/image/upload/v1785602431/products/lltdcmtgid9crtg9q8re.jpg
2,SKU-MSHR6GF8,منظم كهرباء,Voltage Stabilizer,too small (679×565),https://res.cloudinary.com/dmnqypzhs/image/upload/v1787841680/products/lbyaeqljoctszequ3cw8.jpg
3,SKU-MSKM5E43,فرن كهربائي Bestcook 35 لتر,Bestcook Electric Oven 35 L,busy background,https://res.cloudinary.com/dmnqypzhs/image/upload/v1787397529/products/t7naljpgojqlodsyhjux.jpg
3,SKU-MSKMP11C,بوتاجاز Digi 5 عيون,Digi Gas Cooker 5 Burners,busy background,https://res.cloudinary.com/dmnqypzhs/image/upload/v1787390889/products/evitewklerouhzbe9ei4.jpg
3,SKU-MSHR7EGP,مكواة كهربائية,Electric Dry Iron,busy background,https://res.cloudinary.com/dmnqypzhs/image/upload/v1787841541/products/ouzjeoqrhzzmpsktedcu.jpg
3,SKU-MSGERZYT,كسارة ثلج كهربائية 500 واط,Electric Ice Crusher 500 W,busy background,https://res.cloudinary.com/dmnqypzhs/image/upload/v1787849125/products/tgwvdyhij2tprdxxeli4.jpg
3,SKU-MSKN8NLD,بوتاجاز Hafab رخام 4 عيون,"Hafab Gas Cooker 4 Burners, Marble",busy background,https://res.cloudinary.com/dmnqypzhs/image/upload/v1787389359/products/p9dajy6nionljbqksvfg.jpg
3,SKU-MSGFKT6O,كنكة قهوة Marado,Marado Coffee Pot,busy background,https://res.cloudinary.com/dmnqypzhs/image/upload/v1787847179/products/khxyyieglwjtyabhwntx.jpg
3,SKU-MSGFGV5J,حامل شاشة متحرك,Movable TV Stand,busy background,https://res.cloudinary.com/dmnqypzhs/image/upload/v1787847690/products/f3nfc8wbyiscczfeljxk.jpg
3,SKU-MSGCT9P6,"مكيف Nasma ثابت 6,000 وحدة","Nasma Split Air Conditioner 6,000 BTU",busy background,https://res.cloudinary.com/dmnqypzhs/image/upload/v1787853114/products/rcbsgzqc04efnqlshfc0.jpg
3,SKU-MSGDJGYG,شعلة Newdale 3 عيون,Newdale Gas Burner 3 Burners,busy background,https://res.cloudinary.com/dmnqypzhs/image/upload/v1787851746/products/n8vzzczxrav2vvcntxmb.jpg
3,SKU-MSHR9UWX,مكواة بخار Nikai,Nikai Steam Iron,busy background,https://res.cloudinary.com/dmnqypzhs/image/upload/v1787841036/products/ssa1j1ugucucumbe1m0f.jpg
3,SKU-MSGDVLHX,شاشة SKY 32 بوصة,SKY LED TV 32 in,busy background,https://res.cloudinary.com/dmnqypzhs/image/upload/v1787851418/products/mnfotfwuosd96koyfdwu.jpg
3,SKU-MSHQ108K,شاشة Samsung 43 بوصة,Samsung LED TV 43 in,busy background,https://res.cloudinary.com/dmnqypzhs/image/upload/v1787845778/products/x9lxiin6mqby7ie6z5np.jpg
3,SKU-MSHRAWPP,مكواة بخار Sayonapps,Sayonapps Steam Iron,busy background,https://res.cloudinary.com/dmnqypzhs/image/upload/v1787840916/products/zag1iqf6nzrkvwjyshv7.jpg
3,SKU-MSGEQXSZ,إضاءة شارع,Street Light,busy background,https://res.cloudinary.com/dmnqypzhs/image/upload/v1787849074/products/utzthxb0osp79wpkuerq.jpg
3,SKU-MSGFMZ5F,جهاز UPS (بطارية شحن) 1500 VA,UPS 1500 VA,busy background,https://res.cloudinary.com/dmnqypzhs/image/upload/v1787846777/products/cqmbipnssx0c6klzic7j.jpg
3,UNI-REF-20FT-800,ثلاجة Unionaire بابين 20 قدم,Unionaire Double-Door Refrigerator 20 cu ft,busy background,https://res.cloudinary.com/dmnqypzhs/image/upload/v1785604789/products/gjdkv5vfyzolonq4gkzz.jpg
